pays;zone;nom;type;regle;conditions;feu;sentiers;source_url;date_source;date_verif;statut;notes
FR;FR-ALPES-N;Parc national de la Vanoise;PN;tolere;Bivouac uniquement à proximité immédiate de certains refuges gardés du 1er juin au 30 septembre, sur sites identifiés, tente légère sans station debout, montage 19h-8h, réservation obligatoire auprès du gardien;feu interdit en cœur, réchauds non précisés sur la page;GR®5, GR®55, Tour des Glaciers de la Vanoise;https://www.vanoise-parcnational.fr/fr/parc-national-de-la-vanoise/la-reglementation-du-coeur;2025;2026-09-14;FAIT;Amende 68€ si tente hors zone dédiée, arrêté bivouac (PDF janvier 2025) sur le site du parc MAJ 2026-09-14 : l'arrete bivouac de reference (n°2025-007 du 10/01/2025, coeur du PNV) reste l'acte en vigueur au recueil des actes administratifs du parc, aucun nouvel arrete 2026 identifie pour la Vanoise. Attention a ne pas confondre avec le projet de reforme (quotas, permis nominatifs payants) du Parc national des Ecrins (arrete n°148/2026 du 16/06/2026), qui ne concerne pas la Vanoise.
FR;FR-04-05;Parc national des Écrins;PN;tolere;19h-9h, à plus d'une heure de marche des limites du cœur et des parkings, tente petite sans station debout, une seule nuit par site;feu au sol interdit, seul réchaud à gaz autorisé, alcool essence et bois proscrits;GR®54, GR®50;https://www.ecrins-parcnational.fr/bivouac;2026-06-19;2026-09-14;FAIT;Nouvel arrêté (vigueur 19/06/2026) : bivouac interdit à moins de 500 m des lacs Lauvitel et Muzelle hors zones dédiées balisées, quotas possibles dès 2027, eaux usées à plus de 50 m des lacs, la page parc cite aussi un arrêté du 26/06/2026, inchangé au 14/08/2026. MAJ 2026-08-31 : source directe inaccessible ce run (proxy), recoupement via 5 articles de presse concordants (Place Grenet, Grenoble Mag, TG+, Écho Touristique) reconfirme la règle et corrige la date de l'arrêté au 19/06/2026 (et non 16/06), aucun changement de fond. MAJ 2026-09-02 : reconfirmé (placegrenet.fr), toujours aucun quota pour l'été 2026. MAJ 2026-09-03 : reconfirmé, arrêté toujours en vigueur, aucun quota appliqué. MAJ 2026-09-14 : source directe (ecrins-parcnational.fr/actualite/reglementation-bivouac-evolue) relue avec succès, toujours datée du 23/06/2026, règle et absence de quota reconfirmées.
FR;FR-06;Parc national du Mercantour;PN;tolere;19h-9h, à plus d'une heure de marche des limites du cœur ou d'un accès routier, tente sans station debout, une seule nuit au même endroit;feu interdit, réchauds autorisés à plus de 200 m des bois et forêts;GR®5, GR®52, GTM;https://www.mercantour-parcnational.fr/fr/le-parc-national-du-mercantour/la-reglementation;2026;2026-09-14;FAIT;Merveilles-Fontanalba : bivouac interdit sauf aires amenagees des refuges des Merveilles et de Fontanalba. La consultation publique sur la reforme du bivouac (quotas envisages) s'est cloturee le 22/04/2026 mais reste au statut de projet : aucun reglement definitif publie a ce jour. MAJ 2026-09-14 : page reglementation officielle inchangee (19h-9h, plus d'une heure de marche, tente sans station debout), regime specifique Merveilles/Fontanalba inchange. La consultation sur la reforme du bivouac, close le 22/04/2026, n'a donne lieu a aucun arrete publie identifiable au recueil des actes administratifs 2026 a ce jour : dossier a surveiller au prochain passage.
FR;FR-PYR-O;Parc national des Pyrénées;PN;tolere;19h-9h à plus d'une heure de marche des limites du cœur ou d'un accès motorisé, tente montée après 19h et démontée avant 9h, aires balisées autour de certains refuges;pas de feu en cœur pour éviter incendies et dégradation du sol;GR®10, HRP;https://www.pyrenees-parcnational.fr/fr/le-parc-national-des-pyrenees/la-reglementation/campement-et-bivouac;2013-08-29;2026-09-14;FAIT;"Camping interdit y compris parkings, RNN Neouvielle : bivouac 19h-9h uniquement sur aires dediees des lacs Oredon et Aubert. Arrete prefectoral Hautes-Pyrenees n 65-2026-07-30-00004 du 30/07/2026 restreint temporairement acces, feu et bivouac dans les massifs forestiers a risque incendie, en complement du reglement du coeur de parc (inchange). MAJ 2026-09-03 : reverifie, l'arrete du 30/07 reste la derniere version connue, aucune levee ni mise a jour trouvee sur hautes-pyrenees.gouv.fr. MAJ 2026-09-14 : reverifie, toujours aucune levee publiee sur hautes-pyrenees.gouv.fr pour l'arrete du 30/07 ; le Gers voisin a leve ses propres restrictions le 13/09, mais rien de similaire trouve pour les Hautes-Pyrenees a ce jour, l'arrete reste donc le dernier etat connu."
FR;FR-30-48;Parc national des Cévennes;PN;tolere;19h-9h, une seule nuit, à moins de 50 m des GR/GRP balisés, tente sans station debout, hors secteurs sensibles interdits (carte dynamique du parc);feu interdit, réchaud autorisé à plus de 200 m des bois et sous réserve des arrêtés préfectoraux;GR®70 Stevenson, GR®7, GR®66, GR®71;https://www.cevennes-parcnational.fr/fr/le-parc-national-des-cevennes/la-reglementation-du-coeur/les-regles-pour-tous;2014-01-20;2026-09-20;FAIT;"Arrete du 11/05/2026 : bivouac interdit au lac des Pises avec deviation GR®66-71, vérifier la carte dynamique avant depart. Interdiction toujours active. Plusieurs secteurs du Gard places en vigilance rouge incendie de facon intermittente cet ete, carte a consulter sur gard.gouv.fr avant depart. MAJ 2026-09-14 : aucun secteur du Gard n'est classe rouge depuis le 03/09/2026 (dernier classement officiel connu), departement en vigilance orange selon l'indice Meteo des forets au 10/09 ; situation pouvant basculer d'un jour a l'autre en fin de saison feux (jusqu'au 30/09), a revuerifier avant tout bivouac. MAJ 2026-09-20 : reconfirme, toujours aucun secteur classe rouge dans le Gard depuis le 03/09/2026 (page actualites de la prefecture relue integralement)."
FR;FR-83;Parc national de Port-Cros et Porquerolles;PN;interdit;Bivouac et camping strictement interdits dans les cœurs (îles de Port-Cros et Porquerolles);toute source de feu interdite, risque incendie;sentiers insulaires, pas de GR;https://www.portcros-parcnational.fr/fr/le-parc-national-de-port-cros/la-reglementation/reglementation-terre;2026;2026-09-14;FAIT;Amendes 68 a 135€, restrictions de circulation possibles en cas de risque incendie. Systeme de fermeture des massifs forestiers actif du 8 juin au 20 septembre (carte quotidienne prefecture du Var : vert/jaune ouvert, rouge/rouge extreme ferme, en rouge extreme seul le village de Port-Cros reste accessible). MAJ 2026-09-14 : interdiction de bivouac et de camping dans les coeurs confirmee sur le site officiel, bareme d'amendes (11 a 135 EUR) inchange. Systeme de fermeture des massifs forestiers du Var fonctionne normalement en 2026, sans changement de la regle de bivouac elle-meme.
FR;FR-13;Parc national des Calanques;PN;interdit;Bivouac, camping et caravaning interdits toute l'année dans le cœur, y compris abords routiers (Callelongue, Morgiou, Sormiou, D559, D141);feu interdit, amende 135€, accès aux massifs réglementé par arrêté préfectoral du 1er juin au 30 septembre;GR®98, GR®51;https://www.calanques-parcnational.fr/fr/actualites/camping-sauvage-et-bivouac-rappel-des-reglementations-et-des-bons-gestes;2026;2026-09-14;FAIT;Amende bivouac 68€ par personne. Systeme de fermeture a 4 couleurs actif (vert/jaune ouvert, orange ferme acces terrestre, rouge ferme y compris debarquement bateau) dans le cadre de l'arrete prefectoral du 1er juin au 30 septembre. Reservation obligatoire quotidienne pour Sugiton et Pierres Tombees du 27 juin au 30 aout 2026, acces vehicules motorises vers Sormiou interdit 7h-19h du 15 juin au 31 aout. MAJ 2026-09-14 : reglementation bivouac et feu confirmee inchangee. Dates 2026 de reservation Sugiton/Pierres Tombees recoupees (27 juin-30 aout, plus quelques dates etendues en juin et septembre), aucun nouvel arrete identifie.
FR;FR-974;Parc national de La Réunion;PN;tolere;Autorisé en cœur sauf forêt de Mare Longue, Grand Bassin, Rivière des Remparts et remparts du Piton des Neiges et du Grand Bénare, tente montée avant le coucher du soleil et démontée dans la matinée;feu de camp interdit, réchaud et places à feux maçonnées autorisées;GR® R1, GR® R2, GR® R3;https://www.reunion-parcnational.fr/fr/le-parc-national-de-la-reunion/reglementation/bivouac-en-coeur-de-parc-national;2026;2026-09-21;FAIT;Groupe électrogène interdit, règles renforcées sur les courses d'arêtes (5 tentes max sous Lady Dyke), page sans numéro d'arrêté consultée le 18/07/2026. MAJ 2026-08-24 : source directe inaccessible ce run, recoupement confirme les zones interdites et la règle feu, aucun changement. MAJ 2026-09-07 : reunion-parcnational.fr inaccessible (blocage reseau systemique de la session, confirme sur des domaines de controle comme wikipedia.org et web.archive.org). Recoupement multi-sources reconfirme zones interdites, horaires, regime feu/rechaud/places maconnees et regle Lady Dyke (5 tentes/2 pers., groupe max 6, courses d'aretes limitees au 15/05-31/08), aucun changement. Detail hors champ regle/conditions : les demandes d'autorisation se font desormais uniquement via formulaire numerique en ligne depuis le 16/03/2026 (fin du PDF). MAJ 2026-09-21 : reunion-parcnational.fr toujours inaccessible (blocage reseau). Hors saison cyclonique (nov-avril), aucune alerte cyclonique en cours au 21/09, regle bivouac inchangee. A noter, sans lien avec la regle bivouac : un arrete prefectoral n°2026-1617 du 16/09/2026 ferme le sentier de la Canalisation des Orangers (cirque de Mafate) suite a un eboulement.
FR;FR-CORSE;GR®20 - Parc naturel régional de Corse;cas-particulier;tolere;Bivouac uniquement sur les aires aménagées aux abords des refuges PNRC, 19h-9h, réservation obligatoire sur pnr-resa.corsica (12 EUR/pers/nuit sur son propre matériel, location tente 2 places avec bivouac inclus 27 EUR pour 1 pers ou 39 EUR pour 2 pers), gardiennage du 16 mai au 4 octobre 2026 (A Sega dès le 2 mai), contrôle à chaque étape;interdit d'allumer un feu et de fumer dans forêts, landes et maquis du 15 juin au 30 septembre;GR®20;https://pnr-resa.corsica/CGV.pdf;2026;2026-09-14;FAIT;CGV officielles saison 2026 (pnr-resa) relues le 16/08/2026 : l'emplacement en bivouac est facturé 12 EUR/pers/nuit et la location de tente 27/39 EUR (1 ou 2 pers), la note du 19/07/2026 indiquant 9 EUR était erronée. MAJ 2026-08-31 : source directe inaccessible ce run (proxy), structure de la règle (aires PNRC, 19h-9h, réservation, gardiennage 16/05-04/10/2026) reconfirmée par recoupement large. Des sites secondaires citent encore un tarif 9/22/31 EUR concurrent, écarté au profit de la lecture directe du 16/08/2026 (12/27/39 EUR), probablement un tarif 2025 non actualisé par ces sites. MAJ 2026-09-14 : tarifs 2026 recoupes par plusieurs sources independantes (bivouac 12 EUR, location tente 27/39 EUR), confirmant la valeur deja enregistree. Dates de gardiennage 16 mai-4 octobre 2026 reconfirmees. Aucun changement reglementaire detecte.
FR;LITTORAL;Rivages de la mer - domaine public maritime;cas-particulier;interdit;Camping pratiqué isolément interdit sur les rivages de la mer et dans les sites inscrits et classés, sauf dérogation administrative (art. R111-33 code de l'urbanisme);non traité par ce texte, feux interdits localement par arrêtés municipaux ou préfectoraux;GR®34, GR®21, GR®8;https://www.legifrance.gouv.fr/codes/article_lc/LEGIARTI000034355031;2015-12-28;2026-09-14;FAIT;L'estran relève du DPM inaliénable de l'État, les terrains du Conservatoire du littoral ont leurs propres arrêtés de site, amendes constatées 38 à 135€. MAJ 2026-08-31 : source directe inaccessible ce run (proxy), recoupement juridique (Légifrance, Doctrine.fr, Dalloz) confirme le texte inchangé depuis 2015. MAJ 2026-09-14 : recoupement (Legifrance, Doctrine.fr) ne montre aucune modification de l'article R111-33 du code de l'urbanisme, texte toujours en vigueur tel que codifie en 2015.
FR;FR-ONF;Forêts domaniales ONF - principe général;cas-particulier;variable;Camping interdit dans les forêts domaniales (formellement en Île-de-France), bivouac d'une nuit toléré selon les forêts, chaque massif a ses règles selon statut, fréquentation et enjeux écologiques, seule Rambouillet a des sites de nuit aménagés;feux de camp et de bivouac interdits en forêt;GR®1, GR®3 et GR traversant les forêts domaniales;https://www.onf.fr/vivre-la-foret/+/2a7a::faq-agence-ile-de-france-ouest.html;2026;2026-09-14;FAIT;Pas de règle nationale unique publiée, vérifier l'arrêté propre à chaque massif, page sans date consultée le 18/07/2026. MAJ 2026-08-31 : source directe inaccessible ce run (proxy), principe général reconfirmé. La mention « seule Rambouillet a des sites de nuit aménagés » ne vaut que pour le périmètre de l'agence ONF Île-de-France Ouest citée en source : les forêts domaniales de Fontainebleau (3 aires officielles : Grande Vallée, Hippodrome de la Solle, Faisanderie) et de Notre-Dame (77, sur réservation), relevant de l'agence Est francilien, en proposent aussi (à confirmer directement sur onf.fr avant de généraliser). MAJ 2026-09-14 : recoupement confirme le principe general inchange (bivouac d'une nuit tolere par defaut sauf arrete prefectoral contraire, feux et installations interdits), aucune nouvelle regle nationale ONF identifiee en 2026.
FR;FR-BRE;GR®34 sentier des douaniers (Bretagne);cas-particulier;variable;Aucune tolérance officielle publiée, bivouac discret d'une nuit (tente 19h-9h) possible uniquement hors zones interdites : sites classés et inscrits, réserves naturelles, estran, secteurs sous arrêtés municipaux;pas de feu, interdit sur le littoral et les espaces naturels sensibles;GR®34;https://itirando.bzh/blog/regles-et-conseils-pour-le-bivouac-sur-le-sentier-des-douaniers-en-bretagne-gr34/;2025;2026-09-14;HYPOTHESE;Aucun texte officiel unifié ne couvre la bande littorale du GR®34. Elle relève de l'article R111-33 (sites inscrits et classés) et des arrêtés communaux, à consulter commune par commune. MAJ 2026-08-24 : recherche d'arrêtés préfectoraux consolidés (Finistère, Côtes-d'Armor, Morbihan) infructueuse, confirme que la réglementation reste fragmentée commune par commune sans texte unique. WebFetch bloqué ce run, statut maintenu HYPOTHESE conformément à la règle d'or. MAJ 2026-09-07 : blocage reseau systemique de la session (proxy rejette tout domaine teste, y compris legifrance.gouv.fr, wikipedia, web.archive.org) empechant toute lecture directe. Recoupement confirme le cadre pertinent (code de l'urbanisme art. R111-32 a R111-35), aucun changement. Une allegation de blogs sur une bande des 100m opposable au bivouac reste non confirmee, non integree. MAJ 2026-09-14 : recherche complementaire fait remonter l'article R111-35 du code de l'urbanisme (interdiction nationale du camping isole sur l'estran et les plages), en complement du R111-33 deja identifie, toujours via des syntheses secondaires (blogs), sans lecture directe possible (legifrance.gouv.fr inaccessible ce run). Aucun arrete prefectoral consolide retrouve. Statut maintenu HYPOTHESE.
ES;ES-GAL;Galicia - regle generale;regle-generale;interdit;Acampada libre interdite (Ley 7/2011 du 27/10, Ley del Turismo de Galicia, qui a remplace la Ley 9/1997), exception acampada itinerante hors zones protegees desormais regie par le Decreto 159/2019 (en vigueur depuis le 16/01/2020) : max 3 tentes/caravanes, distance min 50 m entre groupes, max 9 personnes par unite, 2 nuits max (autorisation municipale requise pour la 2e nuit), feu interdit sauf autorisation;interdit en terrain forestier, autorisation requise, restrictions renforcees en epoque de danger;CAM-FRANCES, CAM-NORTE, CAM-PRIMITIVO;https://www.xunta.gal/dog/Publicados/2019/20191227/AnuncioG0535-131219-0001_es.html;2019-11-21;2026-09-21;FAIT;"Decreto 143/2006 (DOG officiel) encadre l'itinerante, la prohibition generale vient de la Ley 9/1997. MAJ 2026-08-24 : source directe inaccessible ce run, recoupement confirme les conditions chiffrees de l'acampada itinerante (max 3 tentes, 9 personnes, 2 nuits), aucun changement. MAJ 2026-09-07 : xunta.gal inaccessible (blocage reseau systemique). Recoupement (iberley.es, noticias.juridicas.com, vlex.es) montre que la base legale citee est obsolete : le Decreto 143/2006 a ete abroge par le Decreto 144/2013, lui-meme abroge par le Decreto 159/2019 (en vigueur depuis le 16/01/2020), et la Ley 9/1997 a ete remplacee par la Ley 7/2011 (Turismo de Galicia). Le fond de la regle (interdiction generale + itinerante 3 tentes/2 nuits) reste identique ; base legale et source_url corrigees en consequence, statut maintenu FAIT (source officielle deja lue lors d'un run anterieur, correction de citation par recoupement fort). MAJ 2026-09-21 : Decreto 159/2019 reconfirme (3 tentes max, 50m entre groupes, 2 nuits) via extraits DOG et iberley.es ; a noter des distances complementaires (3km d'un camping, 300m du domaine public maritime-terrestre, 100m d'une riviere/route) reperees mais non integrees a la fiche, a confirmer avant ajout."
ES;ES-CYL;Castilla y Leon - regle generale;regle-generale;variable;Pas d'interdiction générale régionale : le Decreto 9/2017 régule les campings et EXCLUT l'acampada libre de son champ, interdictions effectives en espaces naturels protégés et montes, vivac toléré de fait ailleurs;interdit en terrain forestier, epoque de danger fixee par ordre annuel de la Junta;CAM-FRANCES;https://bocyl.jcyl.es/eli/es-cl/d/2017/06/15/9/;2017-06-15;2026-09-21;FAIT;"L'interdiction n'est pas portée par le décret lui-même, contrairement à une lecture répandue. Texte vérifié au BOCYL. MAJ 2026-08-24 : source directe inaccessible ce run, recoupement confirme l'exclusion de l'acampada libre du champ du Decreto 9/2017. MAJ 2026-09-07 : bocyl.jcyl.es inaccessible (blocage reseau systemique). Recoupement (iberley.es) reconfirme que le Decreto 9/2017 (art. 3) exclut l'acampada libre de son champ sans porter lui-meme l'interdiction, comme deja etabli ; une synthese de recherche affirmant a tort une interdiction generale portee par le decret a ete ecartee. Aucun changement. MAJ 2026-09-21 : reconfirmation generale (Decreto 9/2017 = regulation des campings, exclusion de l'acampada libre de son champ, art.3) via iberley.es, bocyl.jcyl.es toujours inaccessible en direct, aucun changement detecte."
ES;ES-NAV-RIO-ARA;Navarra - regle generale;regle-generale;variable;Decreto Foral 226/1993 : acampada libre soumise a autorisation de l'entite locale, max 3 tentes, 10 pers, 3 jours, mais traversees de montagne a pied et vivac explicitement EXCLUS du decret donc toleres;interdit en terrain forestier sans autorisation, restrictions saisonnieres;CAM-FRANCES, GR®11-ES;https://www.lexnavarra.navarra.es/detalle.asp?r=15296;1993-07-19;2026-09-14;FAIT;Texte officiel Lexnavarra, regime le plus favorable au pelerin a pied du Camino. MAJ 2026-08-31 : source directe inaccessible ce run (proxy), recoupement (Lexnavarra, Decreto Foral 107/2005) reconfirme l'exclusion des travesias de montana a pied et du vivac, aucun changement. MAJ 2026-09-14 : recoupement reconfirme le Decreto Foral 226/1993 inchange (travesias de montana a pie et vivac hors champ du decret). Un Proyecto de Decreto Foral distinct est en consultation publique sur les aires de pernocta pour autocaravanes/camping-cars itinerants, sans lien avec le regime du randonneur a pied, a surveiller sans urgence.
ES;ES-NAV-RIO-ARA;La Rioja - regle generale;regle-generale;interdit;Acampada libre interdite sur tout le territoire (art. 75 du Decreto 10/2017 du 17 mars, Reglamento General de Turismo de La Rioja, modifie par le Decreto 15/2021 du 17 fevrier, ce reglement a remplace le Decreto 111/2003, lequel avait ete abroge par le Decreto 14/2011 du 4 mars), seules modalites autorisees sur demande prealable : acampada en travesia, juvenile, scientifique;interdit en montes et terrains forestiers;CAM-FRANCES;https://www.larioja.org/larioja-client/cm/normativa-autonomica?modelo=NA&norma=2074;2017-03-17;2026-09-21;FAIT;Les sanctions visent aussi le propriétaire du terrain qui autorise le campement. Un « Decreto 114/2003 » est parfois cité à côté du 111/2003 retenu ici, sans qu'il soit possible de trancher : la page officielle n'est pas accessible directement. MAJ 2026-08-24 : le Decreto 111/2003 a été abrogé par le Decreto 14/2011 puis remplacé par le Decreto 10/2017 (art. 75, modifié par le Decreto 15/2021), la règle de fond (interdiction générale) est inchangée, seule la base légale et la source étaient obsolètes, corrigées ce jour (larioja.org inaccessible en direct, confirmé via iberley.es et noticias.juridicas.com). MAJ 2026-09-07 : larioja.org (page normativa-autonomica) toujours inaccessible (blocage reseau systemique). Recoupement (iberley.es, noticias.juridicas.com, larioja.org/normativa) confirme le montage Decreto 10/2017 art. 75 modifie par Decreto 15/2021, base Ley 2/2001 de Turismo de La Rioja, coherent avec la fiche. URL officielle alternative potentiellement plus precise reperee (web.larioja.org/normativa?n=dyn-na02757), non testee en direct ce run. MAJ 2026-09-21 : URL alternative web.larioja.org/normativa?n=dyn-na02757 testee, toujours inaccessible (blocage reseau). Recoupement (iberley.es, noticias.juridicas.com) reconfirme la prohibition generale (art.75) inchangee, aucune nouvelle version du Decreto 15/2021 identifiee.
ES;ES-NAV-RIO-ARA;Aragon - regle generale;regle-generale;interdit;Acampada libre interdite (Decreto 61/2006 art.14, amende 601-6000 EUR), exception acampada itinerante haute montagne : plus de 1500 m ET plus de 2h a pied d'un acces motorise, max 3 nuits, tente montee 1h avant coucher a 1h apres lever du soleil, notification comarca + 112 SOS Aragon;interdit en terrain forestier, ordres annuels INFOAR en epoque de danger;GR®11-ES, HRMP, CAM-FRANCES;https://www.boa.aragon.es/cgi-bin/EBOA/BRSCGI?CMD=VERDOC&BASE=BOLE&SEC=BUSQUEDA_AVANZADA&SEPARADOR=&DOCN=000104976;2006-03-07;2026-09-21;FAIT;"BOA officiel, regle cle pour la HRMP hors parcs, les PRUG des espaces proteges priment. MAJ 2026-08-24 : source directe inaccessible ce run, recoupement confirme l'art.14 du Decreto 61/2006 et les conditions de l'acampada itinerante (plus de 1500 m, plus de 2h de marche, max 3 nuits), aucun changement. MAJ 2026-09-07 : boa.aragon.es inaccessible (blocage reseau systemique). Recoupement confirme l'art. 14 (interdiction generale, amende 601-6000 EUR) et l'art. 18 (acampada alta montana : plus de 1500 m ET plus de 2h de marche d'un acces motorise, max 3 nuits, notification comarca + 112 SOS Aragon) ; une premiere synthese avait inverse la condition horaire, corrigee par une seconde recherche plus precise. Le texte de la fiche (plus de 2h) est confirme exact, aucun changement. MAJ 2026-09-21 : art.14 et exception haute montagne (>1500m, >2h de marche, max 3 nuits, notification 112-SOS Aragon) recoupes a l'identique (boa.aragon.es toujours inaccessible, blocage reseau), aucun changement."
ES;ES-NORTE;Pais Vasco - regle generale;regle-generale;interdit;Prohibition generale (Decreto 396/2013), exception encadree : max 3 tentes, 10 pers, 3 jours, a plus de 2 km d'un camping, hors lieux interdits art.6, accord du proprietaire;interdit en terrain forestier, arretes foraux par territoire historique;CAM-NORTE, GR®11-ES;https://www.euskadi.eus/eli/es-pv/d/2013/07/30/396/dof/spa/html/web01-a2publi/es/;2013-07-30;2026-09-21;FAIT;"Texte officiel euskadi.eus (dernier acces confirme le 18/07/2026). MAJ 2026-08-10 : euskadi.eus et miroirs juridiques (noticias.juridicas.com, iberley.es, vlex.es) inaccessibles ce run. Existence et portee generale du Decreto 396/2013 (art. 81, BOPV du 06/10/2013) confirmees indirectement, texte integral et exceptions non relus. MAJ 2026-08-24 : toujours inaccessible (proxy). Recherche confirme le titre de l'art.81 (« Prohibicion de la acampada libre ») et l'existence de l'art.82 (« Regimenes particulares ») renvoyant aux espaces protégés, mais le contenu chiffré exact de l'exception (3 tentes/10 pers/3 jours/2km) reste non retrouvé par lecture directe, insuffisant pour passer à FAIT. MAJ 2026-09-06 : texte integral de l'art. 81 du Decreto 396/2013 lu directement (blocage venait du site, pas du proxy ; contournement User-Agent navigateur). Exception confirmee mot pour mot : max 3 tentes separees, a moins d'1 km, non superieures a 10 personnes, max 3 jours, a plus de 2 km d'un camping (art. 81) ; art. 82 renvoie aux regimes speciaux des espaces proteges. Statut relability FAIT. MAJ 2026-09-21 : art.81 (prohibicion de la acampada libre) reconfirme via extraits officiels indexes et iberley.es, acces direct euskadi.eus bloque ce run (reseau), aucun changement identifie."
ES;ES-NORTE;Cantabria - regle generale;regle-generale;interdit;Acampada hors campings interdite par le Decreto 35/2026 (BOC n°95 du 20/05/2026, remplace le 95/2002) : aires autocaravanes 48h max, dormir dans le véhicule n'est pas une acampada si aucun mobilier dehors, vivac hors champ;interdit en terrain forestier, ordres annuels du gouvernement de Cantabrie;CAM-NORTE;https://profesional.turismodecantabria.com/documentacion/decreto-35-2026-de-14-de-mayo-de-ordenacion-de-los-campamentos-de-turismo-y-areas-de-servicio-para-autocaravanas-en-el-ambito-de-la-comunidad-autonoma-de-cantabria/;2026-05-20;2026-09-14;FAIT;"Décret remplacé en mai 2026. L'URL iberley ciblant l'article 4 pointe en réalité vers la procédure de consulta previa (rendu JS non lisible en l'état) ; le fond (distinction pernocta/acampada, autocaravanes 48h) est confirmé par le portail professionnel du tourisme de Cantabrie, dont l'URL remplace désormais la source. MAJ 2026-08-31 : source directe inaccessible ce run (proxy), recoupement reconfirme le Decreto 35/2026 (BOC n°95 du 20/05/2026), aucun changement. MAJ 2026-09-14 : recoupement reconfirme le Decreto 35/2026 (BOC n°95 du 20/05/2026, en vigueur depuis le 21/05/2026) comme texte en vigueur, sans reforme ulterieure identifiee. Distinction pernocta/acampada et plafond 48h en aire autocaravanes toujours d'actualite."
ES;ES-NORTE;Asturias - regle generale;regle-generale;interdit;Toute forme d'acampada libre interdite (Ley 7/2001 de Turismo, reglement campings Decreto 280/2007), pas d'exception vivac codifiee au niveau regional;interdit en terrain forestier, plan INFOPA;CAM-NORTE, CAM-PRIMITIVO;https://miprincipado.asturias.es/bopa/disposiciones/repositorio/LEGISLACION34/66/21/001U003PGG000A.pdf;2007-12-19;2026-09-14;FAIT;Ley 7/2001 vérifiée au BOPA, cadre campings = Decreto 61/2022 (remplace 280/2007). MAJ 2026-08-31 : source directe inaccessible ce run (proxy), recoupement confirme le texte de l'article 61 du Decreto 61/2022 (en vigueur depuis le 04/10/2022, prohibition large incluant tentes/caravanes/autocaravanes), aucun changement. MAJ 2026-09-14 : recoupement reconfirme le Decreto 61/2022 (article 61, prohibition large de l'acampada libre) toujours en vigueur sans modification identifiee.
ES;ES-CAT;Cataluna - regle generale;regle-generale;interdit;"Acampada lliure (hors camping) regie par le Decret 55/1982 (modifie par Decret 167/1985 et Decret 196/1995), sous la Llei 13/2002 de turisme : groupes de max 4 tentes espacees de 250m entre elles, sejour max 4 jours au meme endroit, interdite a moins d'1 km d'une agglomeration/camping et 100m d'une route ; zones protegees regies par la Llei 12/1985 d'espais naturals (bivouac tolere env. 1h avant coucher a 1h apres lever du soleil, jamais 2 nuits au meme endroit, interdit en parcs nationaux/reserves integrales) ; arretes municipaux frequents ; vivac d'une nuit tolere en pratique en haute montagne hors parcs";interdit en terrain forestier, Decret 64/1995 restrictions 15 mars-15 octobre;GR®11-ES;https://portaljuridic.gencat.cat/eli/es-ct/d/1982/02/04/55;1982-02-04;2026-09-14;HYPOTHESE;L'interdiction ne vient pas du Decret 75/2020, contrairement à une lecture répandue, mais des textes 148/1992 et 12/1985. MAJ 2026-08-31 (source directe inaccessible ce run, proxy) : recherche approfondie indique que la source_url actuelle (Decret 148/1992) régule en réalité les activités photographiques, scientifiques et sportives affectant la faune sauvage, PAS l'acampada (confirmé DOGC 1618 du 13/07/1992 par 3 requêtes indépendantes), erreur de citation à corriger. Le décret pertinent historique (Decret 55/1982, art. 4, définition de l'acampada lliure) aurait vu son article clé abrogé par le Decret 106/2008. Cadre actuel probable : Decret 75/2020 (turisme de Catalunya) + Llei 12/1985 (espais naturals) + ordonnances municipales, non confirmé par lecture directe. Statut rétrogradé à HYPOTHESE en attendant vérification du fondement légal exact. Règle de fond (tolérance de fait en pratique) laissée inchangée faute d'élément contraire. MAJ 2026-09-07 : portaljuridic.gencat.cat inaccessible (blocage reseau systemique). Troisieme recherche independante confirme a un niveau de confiance eleve que le Decret 148/1992 actuellement cite ne concerne pas l'acampada (il regule les activites affectant la faune sauvage) : source_url corrigee vers la base legale structurellement citee pour l'acampada lliure, le Decret 55/1982 (modifie par Decret 167/1985 et 196/1995). Aucune trace confirmee d'une abrogation de ce decret. Statut maintenu HYPOTHESE faute de lecture directe du texte integral. MAJ 2026-09-14 : trois sources secondaires convergentes (jouscout.com, aevav.es, blocescolaemporda.blogspot.com) affirment que les articles 4 et 7 du Decret 55/1982 auraient ete abroges par le Decret 106/2008 du 06/05/2008, ce qui contredirait d'autres syntheses citant toujours le Decret 55/1982 modifie comme cadre en vigueur. portaljuridic.gencat.cat toujours inaccessible pour trancher, aucun extrait litteral de la disposicio derogatoria obtenu. Statut maintenu HYPOTHESE, piste de l'abrogation par le Decret 106/2008 prioritaire au prochain passage si l'acces reseau se retablit.
ES;ES-NAV-RIO-ARA;PN Ordesa y Monte Perdido;NP;variable;Secteur Ordesa : vivac INTERDIT depuis 02/2022 sauf zone d'acampada de Goriz sur reservation via refuge, Pineta au-dessus de 2550 m (Balcon), Escuain au-dessus de 1800 m (La Ralla), Anisclo au-dessus de 1650 m (Fuenblanca), tente 1h avant coucher a 1h apres lever, max 3 nuits par secteur;interdit dans tout le parc;HRMP, GR®11-ES;https://pnomp.es/es/pernocta-en-el-parque-nacional;2022-02-09;2026-09-14;FAIT;Site officiel du parc, reservation Goriz obligatoire ete, regle differente par vallee. MAJ 2026-08-31 : source directe inaccessible ce run (proxy), recoupement via miteco.gob.es (ministère) et aragon.es (gouvernement régional) reconfirme le PRUG de février 2022 inchangé, aucune modification identifiée. MAJ 2026-09-14 : recoupement (miteco.gob.es, aragon.es) reconfirme le PRUG de fevrier 2022 inchange (Goriz sur reservation, seuils d'altitude par secteur identiques). Une source secondaire situe la periode d'application du 29/03 au 24/10/2026, non recoupee sur pnomp.es, a verifier avant integration.
ES;ES-CAT;PN Aiguestortes i Estany de Sant Maurici;NP;interdit;Acampada et vivac interdits dans tout le parc et la zone peripherique (PRUG Decret 39/2003), nuitee uniquement dans les refuges gardes (annexe 2) et dans les zones designees d'Estallos et de Riumalo. Aucune source actuelle ne confirme la tolerance generale au-dessus de 2000 m entre 20h et 8h evoquee precedemment (accord 2018 du Patronat), a considerer comme non confirmee;interdit dans tout le parc;GR®11-ES;https://parcsnaturals.gencat.cat/ca/xarxa-de-parcs/aiguestortes/preguntes-frequents/;2003-02-04;2026-09-21;FAIT;"Parc le plus restrictif du GR®11, prevoir etapes refuge a refuge (Restanca, Colomers, JM Blanc...) MAJ 2026-08-24 : source directe inaccessible ce run (proxy), recoupement via la page officielle (retrouvée en tête de recherche) et montanaregulada.org indique que les seules dérogations au vivac dans le parc sont les zones désignées d'Estallós et de Riumalo, en plus des refuges. Aucune source actuelle ne confirme la mention « au-dessus de 2000 m » citée depuis l'accord 2018 du Patronat, requalifiée en non confirmée dans les conditions. MAJ 2026-09-07 : miteco.gob.es et parcsnaturals.gencat.cat inaccessibles (blocage reseau systemique). Recoupement reconfirme l'art. 25.4 du PRUG (Decret 39/2003) : interdiction totale hors refuges de l'annexe 2 sauf zones designees Estallos et Riumalo ; aucune trace retrouvee d'une tolerance 'au-dessus de 2000 m 20h-8h' evoquee par l'accord 2018 du Patronat, ce qui confirme la requalification deja faite en non confirmee. Source alternative plus institutionnelle reperee (FAQ officielle du Parc, gencat.cat), non substituee faute de lecture directe. MAJ 2026-09-21 : FAQ officielle parcsnaturals.gencat.cat confirmee par recoupement (interdiction totale sauf zones designees Estallos/Riumalo, y compris aires de stationnement) ; source_url remplacee par cette page institutionnelle plus directe que la page MITECO generale, toujours pas de lecture directe (blocage reseau)."
ES;ES-NORTE;PN Picos de Europa;NP;variable;Acampada interdite, vivac/pernocta tolere : la source deja lue (2016) fixe le seuil a 1600 m, tente montee 1h avant le coucher et demontee 1h apres le lever, meme regle sur les 3 versants (Asturias, Cantabria, Leon), secteur Lagos de Covadonga (1134 m) exclu. Un nouveau Plan Rector de Uso y Gestion serait entre en vigueur en 2026 sur les 3 versants et relerait potentiellement ce seuil a 1800 m (max 3 nuits) : signal trouve par recherche indexee seulement, document non lu directement, a confirmer avant de s'y fier;interdit dans tout le parc;CAM-NORTE (proximite), traversee des Picos;https://bocyl.jcyl.es/eli/es-cl/d/2025/12/11/17/;2025-12-11;2026-09-14;HYPOTHESE;"Normativa officielle du parc (2016), qui prime sur les règles régionales prises séparément. Changement réglementaire potentiel détecté le 17/08/2026 : plusieurs médias espagnols concordants (elDiario.es, Infobae, ecoticias.com) évoquent un nouveau PRUG entré en vigueur en 2026 sur les 3 versants, avec un seuil de vivac relevé à 1800 m (contre 1600 m), sans confirmation directe possible. MAJ 2026-08-31 : deuxième passage indépendant identifie les décrets précis par versant. Castilla y León : Decreto 17/2025 du 11/12/2025 (BOCYL n°240). Asturias : Decreto 21/2026 du 16/03/2026 (BOPA). Cantabria : approuvé ~30/07/2026, publié BOC ~08/2026 (numéro non retrouvé). Contenu convergent identifié pour l'article 51 (CyL et Asturias) : seuil 1800 m, maximum 3 nuits par emplacement, horaires de montage inchangés (1h avant coucher-1h après lever), vivac de groupes de plus de 10 personnes soumis à autorisation expresse, exception hivernale Vega La Sotín (escalade Friero). Point non tranché et volontairement NON publié : une source suggère que la pernocta se ferait désormais sans tente (tente réservée aux conditions météo défavorables/force majeure), changement potentiellement important non recoupé de façon fiable. Champs `conditions`/`regle` laissés inchangés (seuil 1600 m) : la convergence sur 1800 m/3 nuits vient uniquement de synthèses de recherche, pas d'une lecture humaine d'un texte primaire (BOPA/BOCYL/BOC), à faire en priorité au prochain passage, en commençant par le Decreto 21/2026 asturien (le mieux documenté). MAJ 2026-09-07 : blocage reseau systemique de la session, aucune lecture directe possible. Convergence forte (3 recherches independantes) sur un nouveau PRUG relevant potentiellement le seuil a 1800 m avec vivac sans tente, textes identifies par versant : Decreto 17/2025 (Castilla y Leon, BOCYL, art. 51), Decreto 21/2026 (Asturias, BOPA n.61 du 30/03/2026, art. 51 quasi identique), Decreto 57/2026 (Cantabria, 30/07/2026, extrait ambigu evoquant encore l'ancien seuil). Champs laisses inchanges faute de lecture directe d'un texte primaire, priorite de verification pour le prochain passage (commencer par le Decreto 21/2026 asturien). MAJ 2026-09-14 : citation convergente et precise obtenue pour les 3 decrets du nouveau PRUG (Decreto 17/2025 du 11/12/2025, BOCYL, Castilla y Leon ; Decreto 21/2026 du 16/03/2026, BOPA n.61, Asturias ; Decreto 57/2026 du 30/07/2026, BOC n.148, Cantabria), tous cites comme fixant un seuil de 1800 m et une pernocta sans tente sauf conditions meteorologiques defavorables ou force majeure (contre 1600 m dans la normativa 2016 actuellement en fiche). Convergence forte mais toujours issue de recherches indexees, pas d'une lecture directe d'un des 3 bulletins officiels (WebFetch bloque ce run) : champ conditions volontairement laisse inchange, source_url mis a jour vers la reference la plus precise identifiee (Decreto 17/2025, portail ELI officiel), statut maintenu HYPOTHESE. Priorite de lecture directe pour le prochain passage : Decreto 21/2026 (BOPA), le mieux documente."
ES;ES-AND;PN Sierra Nevada;NP;variable;Vivac et acampada nocturna (tente legere du coucher au lever) autorises avec notification ecrite prealable au directeur de l'espace naturel (nom, DNI, nb pers max 15, max 3 tentes, lieu), a plus de 500 m des refuges gardes routes et pistes, plus de 50 m des cours d'eau et lagunes, hors borreguiles, au-dessus de 1600 m d'altitude, INTERDIT en zone forestiere du 1 juin au 15 octobre;interdit dans tout le parc;GR®240-ES, Alta Ruta Sierra Nevada;https://www.juntadeandalucia.es/medioambiente/portal/documents/20151/d6bc9071-f6d4-83a8-a9e1-8e2cd97822f7;2024-03-01;2026-09-14;FAIT;Doc officiel Junta de Andalucia, notification par email au parc suffit hors gros groupes. Restriction forestiere du 1er juin au 15 octobre confirmee active a la date de verification. Le niveau de risque incendie peut durcir les restrictions sans preavis en ete, a reverifier localement avant depart. MAJ 2026-08-31 : source directe inaccessible ce run (proxy), recoupement secondaire (andaltura.com) signale une incohérence non confirmée sur les dates exactes de fermeture forestière (1/06-15/10 en fiche vs 1/07-30/09 selon cette source) et mentionne un seuil d'altitude de 1600 m absent de la fiche, non recoupé par une deuxième source indépendante. Champs laissés inchangés faute de lecture directe du PDF officiel, à trancher au prochain passage. MAJ 2026-09-14 : l'incoherence signalee au run precedent est tranchee. Trois recoupements independants (dont le PDF officiel juntadeandalucia.es deja cite en source) confirment la fermeture forestiere du 1er juin au 15 octobre (la periode 1/07-30/09 citee par une source secondaire est ecartee, non corroboree ailleurs) et confirment le seuil d'altitude de 1600 m pour le vivac/acampada nocturna, desormais ajoute au champ conditions.
PT;PT-NORTE;Portugal - regle generale;regle-generale;variable;Tente : pas d'interdiction nationale générale, les interdictions passent par áreas protegidas, Natura 2000 et règlements municipaux, autocaravanes homologuées : pernoita max 48h par municipio (Lei 66/2021, art.50-A Código da Estrada), interdite en zones protégées et POOC, coimas 120-600 EUR;interdit en espaces ruraux durant periodo critico 1 juillet-30 septembre (DL 124/2006), fogueiras interdites a moins de 300 m des bois toute l'annee;CAM-PORT-CENTRAL, CAM-PORT-COSTA;https://diariodarepublica.pt/dr/detalhe/lei/66-2021-170083315;2021-08-24;2026-09-07;FAIT;Lei 66/2021 vérifiée sur dre.pt (le numéro 60/2021 qui circule est faux). MAJ 2026-08-24 : source directe inaccessible ce run, recoupement confirme l'art.50-A (pernoita 48h max) et les coimas 120-600 EUR en zone interdite, aucun changement. MAJ 2026-09-07 : diariodarepublica.pt inaccessible (blocage reseau systemique). Recoupement (segurancarodoviaria.pt, cpa-autocaravanas.com, presse) confirme l'art. 50-A du Codigo da Estrada (Lei 66/2021 du 24/08) : pernoita autocaravane 48h max par municipio hors zones interdites, coimas 120-600 EUR en zone interdite, aucun changement.
PT;PT-NORTE;PN Peneda-Geres;NP;tolere;Camping et pernoita interdits hors emplacements autorises (campings de Cerdeira, Lamas de Mouro, Entre Ambos-os-Rios, Travanca), MAIS le bivouac lie a la randonnee est encadre comme activite soumise a autorisation prealable de l'ICNF (pnpg@icnf.pt) et non comme une interdiction pure : a plus de 2,5 km d'une route ou piste forestiere (ou plus de 300 m de denivele), maximum 2 tentes ou bivouacs par site, installation entre 1h avant le coucher et 1h apres le lever du soleil (Regulamento do Plano de Ordenamento du PNPG, RCM n. 11-A/2011 du 4 fevrier 2011, art. 33.7);interdit, restrictions renforcees en etat d'alerte incendie;CAM-PORT-CENTRAL (variante Geres), GR®50 portugais;https://faolex.fao.org/docs/pdf/por26000.pdf;2011-02-04;2026-09-21;FAIT;"Page officielle ICNF + Regulamento do Plano de Gestao, seul parc national du Portugal. MAJ 2026-08-10 : icnf.pt et miroirs testes (adere-pg.pt, walkingpenedageres.pt, gsm.org.es, docplayer.com.br) tous inaccessibles ce run. Le Regulamento do Plano de Ordenamento definirait la pernoita comme le fait de dormir a la belle etoile avec ou sans protection legere, texte integral toujours non relu. MAJ 2026-08-24 : icnf.pt, adere-pg.pt et walkingpenedageres.pt toujours inaccessibles (proxy). Recherche confirme le principe général (autorisation ICNF en zone de protection totale) sans donner la définition exacte de la pernoita ni le texte intégral. WebFetch bloqué ce run, toujours à confirmer par lecture directe. MAJ 2026-09-06 : icnf.pt reste une SPA Angular illisible en fetch direct, mais le texte integral du Regulamento do Plano de Ordenamento do PNPG (RCM n. 11-A/2011, 4 fevrier 2011, toujours en vigueur ; un nouveau Programa Especial est en consultation publique depuis 2024, non adopte) a ete lu via un miroir. Ce texte est plus precis que l'ancienne fiche : l'art. 7 interdit camping/pernoita hors emplacements designes, mais l'art. 33.7 encadre le bivouac de randonnee comme une activite AUTORISABLE par l'ICNF sous conditions chiffrees (distance route/piste, max 2 tentes/site, horaires de montage), et non comme une interdiction absolue. Reformule en consequence (interdit -> tolere sous autorisation), statut passe a FAIT. MAJ 2026-09-21 : le Programa Especial evoque depuis 2024 reste non adopte (derniere etape connue : rapport de ponderation de la discussion publique, cible 2025 non confirmee, aucune publication au Diario da Republica trouvee) ; le regime actuel (RCM n.11-A/2011, art.33.7) reste donc applicable."
PT;PT-CENTRO-SUL;PN Sudoeste Alentejano e Costa Vicentina (Rota Vicentina);parc-naturel;interdit;Campisme et caravanisme interdits hors emplacements designes (POPNSACV, art. 8 al. r), autorisation speciale ICNF requise, TRES verbalise : 1109 coimas en 2019, 1089 au 1er semestre 2020, coimas 60-600 EUR, signalisation permettant action GNR immediate, aires ASA autocaravanes max 72h;interdit, zone a tres haut risque incendie l'ete;ROTA-VICENTINA;https://files.dre.pt/1s/2011/02/02501/0003100067.pdf;2011-02-04;2026-09-21;FAIT;Le POPNSACV (Resolucao do Conselho de Ministros n.11-B/2011, Diario da Republica, 1a serie, n.25 du 04/02/2011), article 8 alinea r), interdit acampamento et caravanismo hors zones designees, en zones de protection totale ou partielle et sur la bande littorale de 500 m, sauf ANARP. Les chiffres de verbalisation viennent de la presse (Publico, Diario do Alentejo). MAJ 2026-08-24 : source directe inaccessible ce run, recoupement via la FAQ officielle rotavicentina.com et presse récente confirme l'interdiction et la verbalisation GNR toujours actives, aucun changement. MAJ 2026-09-07 : files.dre.pt inaccessible (blocage reseau systemique). Recoupement confirme l'art. 8.r) du POPNSACV (RCM 11-B/2011) et la fourchette de coimas (60-300 EUR hors zone protegee, 120-600 EUR en zone protegee/POOC/Natura 2000), controles GNR/ICNF actifs en 2026. Une source secondaire evoquant 200-4000 EUR n'est pas recoupee ailleurs, ecartee. Aucun changement retenu. MAJ 2026-09-21 : RCM n.11-B/2011 art.8.r) toujours en vigueur. Un Plano de Cogestao do PNSACV 2025-2028 a ete adopte (gouvernance, pas de zonage), mais la revision formelle du plan d'amenagement (PEPNSACV, lancee en 2017) reste en cours, non aboutie. Regle inchangee.
CH;CH-VALAIS-VAUD;Suisse - règle générale (position CAS);regle-generale;tolere;1 nuit isolée, petit groupe, au-dessus de la limite forestière, hors zones protégées (PN Suisse, districts francs, réserves, zones de tranquillité), respect environnement, éviter abords des cabanes gardées;variable, soumis aux interdictions cantonales en cas de danger incendie, jamais en réserve;TMB, VIA-ALPINA-CH, HR-CHX-ZERMATT;https://www.sac-cas.ch/fr/environnement/sports-de-montagne-et-environnement/camper-et-bivouaquer/;2026-07-18;2026-09-14;FAIT;Pas de loi federale unique, reglementation cantonale et communale possible, verifier map.geo.admin.ch avant chaque nuit. Secheresse severe et interdictions de feu en vigueur dans plusieurs cantons suisses debut aout 2026 (Romandie et Suisse du nord/sud selon presse), certaines totales, d'autres limitees aux forets et abords. MAJ 2026-08-31 : source directe inaccessible ce run (proxy), règle générale CAS reconfirmée inchangée. Évolution du contexte feu : après fortes pluies fin août 2026, Vaud a levé l'interdiction de feu en forêt et le Valais l'a levée pour le Valais romand (29/08/2026, RTS/Le Temps/policevalais.ch). Le Haut-Valais maintient l'interdiction faute de précipitations suffisantes. Situation cantonale évolutive, à revérifier avant chaque nuit. MAJ 2026-09-14 : regle generale CAS reconfirmee inchangee. Situation feu de nouveau evoluee : Vaud, Valais et Geneve ont leve leurs interdictions de feu en plein air/foret debut septembre 2026 suite aux precipitations, danger incendie ramene a 1-2/5 dans ces cantons. Situation cantonale toujours evolutive, a revoir avant chaque nuit.
CH;CH-EST;Parc National Suisse (Grisons);NP;interdit;Interdiction totale de camper et de passer la nuit, y compris en véhicule le long de la route de l'Ofenpass, interdiction de quitter les sentiers balisés (amende indicative 250 CHF pour sortie des sentiers balises);interdit, amendes (env. 200 CHF bivouac, 300 CHF feu selon sources secondaires);Via Alpina proche;https://www.nationalpark.ch/fr/visite/randonnees/dispositions-de-protection/;2026-07-18;2026-09-21;FAIT;Zone de protection la plus stricte de Suisse, surveillance par gardes-parc. MAJ 2026-08-24 : source directe inaccessible ce run, interdiction totale reconfirmée. Montants d'amende trouvés en recherche de repli (50 à 5000 CHF selon gravité) divergent des montants indicatifs actuels (200/300 CHF), les deux étant des sources secondaires non officielles, fiche laissée inchangée sur ce point à confirmer. MAJ 2026-09-07 : nationalpark.ch toujours inaccessible (blocage reseau systemique, comme les runs precedents). Recoupement reconfirme l'interdiction totale de camper/bivouaquer et les montants indicatifs 200 CHF (bivouac) / 300 CHF (feu), plafond 5000 CHF pour infraction grave. Aucune source officielle primaire (bareme reglementaire) encore lue directement, point laisse a confirmer. MAJ 2026-09-21 : recoupement precise un bareme indicatif plus complet (bivouac 200 CHF, sortie des sentiers balises 250 CHF, feu 300 CHF, plafond 5000 CHF sans exemption). Page officielle du bareme (nationalpark.ch/schutzbestimmungen/) reperee mais non lue directement (blocage reseau), champ conditions complete avec le montant 250 CHF.
CH;CH-EST;Districts francs fédéraux et zones de tranquillité;reserve;interdit;Bivouac expressément interdit dans les districts francs fédéraux, nombreuses réserves naturelles et zones de tranquillité (pendant les périodes de protection), délimitations sur geo.admin.ch;interdit ou fortement déconseillé, se référer aux règlements de chaque zone;VIA-ALPINA-CH, HR-CHX-ZERMATT;https://www.sac-cas.ch/fr/environnement/sports-de-montagne-et-environnement/camper-et-bivouaquer/;2026-07-18;2026-09-21;FAIT;Infraction grave en district franc jusqu'à 5000 CHF selon sources secondaires, zones traversées par de nombreux itinéraires valaisans et grisons. MAJ 2026-08-24 : source directe inaccessible ce run, recoupement confirme l'interdiction stricte et la fourchette d'amendes 50 à 5000 CHF, aucun changement. MAJ 2026-09-07 : sac-cas.ch inaccessible (blocage reseau systemique). Recoupement reconfirme l'interdiction dans les districts francs federaux et zones de tranquillite, la fourchette d'amendes 50-5000 CHF, et le renvoi a geo.admin.ch pour les delimitations. Aucun changement. MAJ 2026-09-21 : reconfirmation par recoupement (interdiction, fourchette 50-5000 CHF). Source juridique complementaire reperee (zones-de-tranquillite.ch/zones-de-tranquillite/bases-juridiques), non lue en detail, aucun changement.
CH;CH-VALAIS-VAUD;Cantons du Valais et de Vaud;regle-generale;variable;Pas de loi cantonale unique identifiée, la règle CAS s'applique (toléré au-dessus de la limite forestière une nuit), communes peuvent interdire, réserves cantonales (Derborence, Tanay, Haut de Cry...) interdites, portion suisse du TMB : bivouac hors zones protégées, sites officiels TMB recommandent aires dédiées;variable, interdictions cantonales fréquentes en été (sécheresse);TMB, HR-CHX-ZERMATT;https://www.autourdumontblanc.com/en/accomodations/bivouac;2026-07-18;2026-09-14;HYPOTHESE;La tolerance au-dessus de 2000 m est souvent citee mais ne repose sur aucune base legale cantonale publiee. Se renseigner aupres des communes. MAJ 2026-08-10 : interdiction cantonale generale de feu en plein air en Valais en vigueur depuis le 25/06/2026 (secheresse), incluant vente et usage de feux d'artifice (VS, VD, GE). Toujours aucune base legale cantonale specifique au bivouac identifiee, vs.ch inaccessible ce run. MAJ 2026-08-24 : vd.ch et vs.ch toujours inaccessibles (proxy). Recherche infructueuse pour un texte cantonal dédié. Relais secondaires seulement (règle CAS, une procédure communale « POCAMA » côté VD et des interdictions totales à Bovernier/Martigny-Combe citées sans source officielle). Aucune base légale unique confirmée, fiche laissée inchangée. MAJ 2026-09-07 : vs.ch et vd.ch toujours inaccessibles (blocage reseau systemique de la session). Aucune nouvelle base legale cantonale dediee au bivouac trouvee. L'interdiction generale de feu du 25/06/2026 a ete levee puis reimposee localement le 19/08/2026 puis relevee debut septembre selon la presse, coherent avec le champ feu deja generique, aucun changement de fond. MAJ 2026-09-14 : vs.ch et vd.ch toujours inaccessibles (blocage reseau). Recherche confirme la procedure cantonale vaudoise POCAMA (camps encadres) deja notee et la tolerance d'usage habituelle (nuit isolee au-dessus de la limite forestiere), toujours uniquement via sources secondaires. Aucun texte cantonal dedie au bivouac localise ce run, statut inchange.
CH;CH-EST;Cantons du Tessin et des Grisons (Via Alpina);regle-generale;variable;Tessin : Legge sui campeggi del 26.01.2004 (RL 943.100) art.2 al.1 réserve le camping aux zones autorisées, MAIS al.2 exempte explicitement « l'attendamento a scopo di bivacco in montagna ». Le bivouac de montagne échappe donc formellement à l'obligation de zone dédiée. Des réglementations communales peuvent s'y ajouter. Grisons : pas de loi cantonale unique trouvée, règle CAS par défaut, nombreuses réserves et zones de tranquillité le long de la Via Alpina (cf. ligne Districts francs fédéraux), vérifier geo.admin.ch étape par étape;variable, Tessin régulièrement en interdiction totale de feu l'été;VIA-ALPINA-CH;https://m3.ti.ch/CAN/RLeggi/public/index.php/raccolta-leggi/legge/num/631;2004-01-26;2026-09-21;FAIT;Au Tessin, la Legge sui campeggi (RL 943.100, art.2) prévoit explicitement l'exception du bivouac en montagne. Les Grisons n'ont pas de loi cantonale unique : la règle générale du CAS s'applique, ainsi que les réserves et districts francs. MAJ 2026-08-24 : source directe inaccessible ce run, texte de l'art.2 reconfirmé (al.1 zones autorisées, al.2 exception bivouac de montagne), aucun changement. MAJ 2026-09-07 : m3.ti.ch et sources Grisons inaccessibles (blocage reseau systemique). Recoupement multi-requetes reconfirme sans changement l'art.2 al.1/al.2 de la Legge sui campeggi (exception 'attendamento a scopo di bivacco in montagna') et l'absence de loi cantonale unique aux Grisons. MAJ 2026-09-21 : reconfirmation par recoupement de l'art.2 al.1/al.2 (Legge sui campeggi) et de l'absence de loi cantonale unique aux Grisons, aucun changement.
IT;IT-NO;Vallée d'Aoste - règle régionale (L.R. 8/2002);regle-generale;autorise;Campeggio interdit hors structures, MAIS exception explicite pour les bivouacs alpinistiques en tente au-dessus de 2500 m, du coucher au lever du soleil, interdit près des refuges et dans le PN Gran Paradiso;interdit en forêt et près des bois (règle générale italienne), rien d'autorisé au bivouac;ALTA-VIA-1-VDA, TMB;https://www.consiglio.vda.it/app/leggieregolamenti/dettaglio?tipo=L&numero_legge=8/02;2002-06-24;2026-09-14;FAIT;Seule région alpine italienne avec seuil altitudinal explicite dans la loi, cadre le plus clair d'Italie. MAJ 2026-08-31 : source directe inaccessible ce run (proxy), plusieurs sources (camminiditalia.org, wildhood.app, Bergzeit) citent littéralement l'article 19 de la L.R. 8/2002, inchangé depuis 2002. Amende administrative de 300 à 1700 EUR en cas d'infraction (art. 19-20). MAJ 2026-09-14 : recoupement confirme l'article 19 de la L.R. 8/2002 toujours en vigueur et inchange (seuil 2500 m, coucher-lever du soleil, interdiction pres des refuges et dans le PN Gran Paradiso). Aucune modification legislative identifiee touchant cet article.
IT;IT-NO;Piémont - règle régionale (L.R. 1/2021);regle-generale;tolere;Campeggio libero interdit sous toute forme (L.R. 5/2019 art.10 c.2bis, inséré par L.R. 1/2021), insediamenti occasionnels max 48h UNIQUEMENT si aucune place disponible en camping/aire autorisée : pas un droit général, bivouac nocturne d'urgence toléré en altitude;interdit en forêt, réglementation anti-incendie régionale stricte;GTA-IT;https://www.regione.piemonte.it/governo/bollettino/abbonati/2021/01/attach/aa_aa_regione%20piemonte%20-%20legge%20regionale_2021-01-04_75080.pdf;2021-01-04;2026-09-21;FAIT;Articles exacts vérifiés dans le BU régional (pypdf). MAJ 2026-09-21 : reconfirmation exacte par recoupement de l'art.10 c.2bis (insediamenti occasionali max 48h, inséré par L.R. 1/2021) et de la modification de l'art.10 c.2 (renvoi a l'art.185 du Codice della Strada), source officielle non re-ouverte directement ce run (blocage reseau).
IT;IT-NO;Parco Nazionale Gran Paradiso;NP;interdit;Campeggio et bivouac en tente interdits sur tout le territoire du parc hors aires équipées, EXCEPTION : bivouac alpinistique d'urgence une seule nuit dans les zones non desservies par des refuges, ou si le refuge est complet;interdit;ALTA-VIA-1-VDA proche, GTA-IT;https://www.pngp.it/regolamento-fruizione;2026-07-18;2026-09-14;FAIT;Règlement de fruizione officiel en ligne, camping temporaire de groupes autorisable en fond de vallée sur demande MAJ 2026-09-14 : texte du regolamento di fruizione (pngp.it) recoupe, formulation identique a celle deja en fiche (bivacchi alpinistici di emergenza, une seule nuit, si aucun refuge accessible), aucun changement detecte. Des blogs mentionnent un seuil de 2500 m pour le bivouac d'urgence non retrouve tel quel dans le texte officiel, non integre sans confirmation directe.
IT;IT-DOLOMITES;Trentino-Alto Adige (2 provinces autonomes);regle-generale;interdit;Trento : art.7 L.P. 19/2012 = tente et moyens mobiles interdits hors structures, exception installation isolée occasionnelle max 24h en zone non interdite, sanction 150-450 EUR, Bolzano : règlement provincial n°2 du 18/02/2008, tolérance bivacco 24h citée par sources secondaires seulement;interdit en forêt et à proximité;ALTA-VIA-1-DOLOMITI, E5-ALPES;https://www.consiglio.provincia.tn.it/_layouts/15/dispatcher/doc_dispatcher.aspx?app=clex&at_id=23806;2012-10-04;2026-09-21;FAIT;"Règle confirmée par le texte pour la province de Trente. Pour Bolzano, la page officielle n'est pas consultable. MAJ 2026-08-24 : source directe inaccessible ce run, recoupement confirme l'exception d'installation isolée max 24h et la sanction 150-450 EUR, aucun changement. MAJ 2026-09-07 : Site du Consiglio provinciale de Trente inaccessible (blocage reseau systemique). Recoupement confirme sans changement la sanction 150-450 EUR (art.7 L.P. 19/2012) et la tolerance de 24h citee pour Bolzano (regolamento prov. n.2/2008) ; Bolzano reste sourcee uniquement en secondaire, aucune source institutionnelle directe trouvee. MAJ 2026-09-21 : Trento inchange. URL officielle candidate identifiee pour Bolzano (lexbrowser.provincia.bz.it, regolamento provinciale n.2/2008, intitule Regolamento provinciale per l'attivita di campeggio e accampamento) mais inaccessible depuis cet environnement (blocage reseau) ; statut Bolzano reste sourcee en secondaire uniquement."
IT;IT-DOLOMITES;Veneto - règle régionale (L.R. 11/2013);regle-generale;variable;Pas d'interdiction explicite du campeggio libero dans la L.R. 11/2013 (l'art.36 vise les aires camping-cars 48h, l'art.37 les agences de voyage) : la règle vient des règlements communaux et forestiers, et des parcs;feux uniquement dans les aires équipées désignées;ALTA-VIA-1-DOLOMITI;https://www.regione.veneto.it/web/turismo/campeggio1;2026-07-18;2026-09-07;FAIT;L'interdiction est souvent attribuée à l'article 37 de la L.R. 11/2013. Cette attribution est erronée, loi vérifiée au BUR Veneto. MAJ 2026-08-24 : source directe inaccessible ce run, sources de repli contradictoires sur le fondement légal exact (L.R. 40/1984 art.12 citée par l'une, art.37 de la L.R. 11/2013 par une autre), fiche laissée inchangée faute de lecture directe fiable, à revérifier au prochain passage. MAJ 2026-09-07 : BUR Veneto et regione.veneto.it inaccessibles (blocage reseau systemique). Recoupement multi-sources reconfirme que le fondement legal reel est la L.R. 40/1984 art.12 (parcs et reserves regionales) et non l'art.37 de la L.R. 11/2013 comme souvent cite a tort, coherent avec la position deja retenue en fiche. Texte integral de l'art.12 toujours non lu directement, point le plus fragile de cette fiche.
IT;IT-DOLOMITES;Parco Nazionale dello Stelvio;NP;interdit;Bivouac nocturne interdit sur tout le territoire, EXCEPTION : bivouac d'urgence max une nuit (petite tente admise, à retirer au matin) si aucun refuge atteignable en sécurité, camping interdit en zones A, B, C hors structures autorisées;interdit;E5-ALPES proche;https://lombardia.stelviopark.it/piano-del-parco/;2020-10-13;2026-09-14;FAIT;"Reglement secteur Lombardia, secteurs Trentino et Alto Adige geres separement mais regime equivalent. Le secteur Trentino a une page dediee separee (parcostelviotrentino.it) confirmant ce regime equivalent. MAJ 30/08/2026 : le PDF officiel du reglement (lombardia.stelviopark.it) est devenu inaccessible (404) ; regle inchangee, source a retrouver. MAJ 2026-09-14 : le PDF direct du reglement secteur lombard (PPADR 2020) reste inaccessible (probable 404 persistant depuis fin aout) ; source_url remplacee par la page qui heberge desormais le reglement (lombardia.stelviopark.it/piano-del-parco/). Le secteur Trentino a par ailleurs adopte son propre reglement a titre definitif (deliberation provinciale n°1202 du 07/07/2023), regime de bivouac confirme equivalent (interdit sauf urgence, une nuit) sur les deux secteurs : regle inchangee sur le fond."
IT;IT-DOLOMITES;Parco Nazionale Dolomiti Bellunesi;NP;interdit;Camping sous toute forme uniquement dans les aires équipées prévues, régime différencié : camping et bivouac exclus en zone A (Vette Feltrine, Cimonega, Monte Brendol, Piani Eterni, Talvena), l'Alta Via 1 traverse le parc sans aucune aire de bivouac légale;interdit;ALTA-VIA-1-DOLOMITI;https://www.dolomitipark.it/wp-content/uploads/2021/07/Regolamento-PNDB_GU-n.163_20210709.pdf;2021-07-09;2026-09-14;FAIT;"Règlement publié en Gazzetta Ufficiale, nuance zone A vs autres zones à citer sur article exact avant publication MAJ 30/08/2026 : le PDF officiel (dolomitipark.it) n'a pas pu etre lu a distance ce run (PDF non exploitable en fetch automatise) ; regle inchangee. MAJ 2026-09-14 : contenu du reglement (bivouac interdit partout, camping en aires equipees seulement, zone A la plus restrictive) reconfirme par recoupement, le PDF GU n.163/2021 apparait de nouveau indexe et actif (l'indisponibilite du run precedent tenait probablement au fetch automatise). Aucun nouveau reglement identifie."
IT;IT-DOLOMITES;Parco naturale delle Dolomiti d'Ampezzo (Cortina);reserve;interdit;Camping en tente et camper non admis dans le parc, nuitées prévues via refuges et bivacchi fixes en altitude, aires de camping équipées limitées au pré-parc en vallée;interdit explicitement (protection du patrimoine forestier);ALTA-VIA-1-DOLOMITI;https://www.dolomitiparco.com/Ita/Misc/regolamenti.php;2026-07-18;2026-09-14;FAIT;Parc régional géré par les Regole d'Ampezzo, régime du bivouac d'urgence non détaillé sur la page MAJ 2026-09-14 : reglement du parc naturel inchange (bivouac non admis, nuitees via refuges/bivacchi fixes). A noter en complement, hors perimetre du parc : la commune de Cortina d'Ampezzo aurait adopte une ordonnance municipale anti-bivouac distincte (voir nouvelle ligne dediee ajoutee ce jour, statut HYPOTHESE) pour le centre-ville, sourcee par la presse (ANSA, il Dolomiti, il Gazzettino), non confirmee par lecture directe.
AT;AT;Autriche - règle générale (fédéral + Länder);regle-generale;variable;EN FORÊT : interdit dans toute l'Autriche sans accord du propriétaire (Forstgesetz 1975 §33, amende env. 150 EUR), AU-DESSUS de la limite forestière : selon le Land - Tyrol, Carinthie, Basse-Autriche interdisent (Tiroler Campinggesetz 2001, amendes jusqu'à 14500 EUR), Salzburg, Styrie, Haute-Autriche, Vorarlberg sans interdiction générale mais restrictions communales et zones protégées, Notbiwak (bivouac d'urgence : blessure, météo, obscurité) toléré partout;interdit en forêt (Forstgesetz), réglementation stricte;E5-ALPES, ADLERWEG, ALPE-ADRIA;https://www.alpenverein.at/portal/natur-umwelt/respektamberg/zelten-biwakieren.php;2023-06-22;2026-09-14;FAIT;Position officielle ÖAV (campagne RespektAmBerg), le bivouac PLANIFIÉ avec tente est juridiquement assimilé au camping au Tyrol. MAJ 2026-08-31 : source directe inaccessible ce run (proxy), recoupement via le communiqué officiel de l'Alpenverein republié sur ots.at (Austria Presse Agentur), daté 22/06/2023, confirme la règle mot pour mot, aucun changement. MAJ 2026-09-14 : recoupement confirme la regle federale/Lander inchangee, y compris les amendes jusqu'a 14500 EUR au Tyrol et l'exception du Notbiwak d'urgence uniquement. Aucune modification 2026 identifiee pour le Forstgesetz 1975 §33 ni pour le Tiroler Campinggesetz sur ce point.
AT;AT;Nationalpark Hohe Tauern (Tyrol, Salzburg, Carinthie);NP;interdit;Camping interdit dans le parc (3 lois NP des 3 Länder), seule exception : bivouac alpin forcé (météo, blessure, obscurité), nuance : zone extérieure du secteur Salzburg plus souple que les zones coeur;interdit;ALPE-ADRIA proche, ADLERWEG proche;https://www.alpenverein.at/portal/service/presse/2023/2023_06_22-Wildcampen.php;2023-06-22;2026-09-21;FAIT;"Confirmé via ÖAV, détail par Land (3 lois NP distinctes) à citer pour la fiche finale. MAJ 2026-08-24 : page originale inaccessible ce run, page pérenne de l'Alpenverein (« Zelten und Biwakieren im Gebirge ») reconfirme l'interdiction et la seule exception du Notbiwak d'urgence, aucun changement. MAJ 2026-09-07 : Page Alpenverein inaccessible (blocage reseau systemique). Recoupement reconfirme sans changement l'interdiction et l'exception de Notbiwak (blessure, meteo, obscurite). Sources legales plus autoritatives reperees au RIS autrichien (lois NP distinctes de Carinthie, du Tyrol et de Salzbourg) mais non lues directement ce run ; complement trouve : amende jusqu'a 3600 EUR en Carinthie (non contradictoire). MAJ 2026-09-21 : reconfirmation par recoupement (interdiction, exception Notbiwak, amende 3600 EUR en Carinthie) ; textes legaux RIS identifies pour le Tyrol (Gesetzesnummer 10000127) et la Carinthie (10000115), toujours non lus en integralite (WebFetch bloque)."
DE;DE;Allemagne - règle générale (Bavière incluse);regle-generale;interdit;Camping hors emplacements interdit sans accord du propriétaire (BWaldG, BNatSchG, lois des Länder), Bavière = Land alpin le plus strict (interdit partout, aggravé en zones protégées qui couvrent l'essentiel des Alpes bavaroises), Notbiwak sans tente toléré, alternatives légales : refuges DAV et Trekkingplätze désignés (Spessart, Frankenwald, Steigerwald...);interdit en forêt et à moins de 100 m des forêts selon les Länder;E5-ALPES;https://www.alpenverein.de/artikel/ubernachten-im-freien-in-den-alpen_f4293fe8-1dd7-4117-964c-4866813a888c;2026-07-18;2026-09-21;FAIT;"Position officielle du DAV. Pas de tolérance liée à l'altitude comme en Suisse dans les Alpes allemandes (BayNatSchG, BayWaldG). Les Trekkingplätze sont la seule alternative légale. MAJ 2026-08-24 : source directe inaccessible ce run, recoupement confirme la position DAV inchangée (Notbiwak toléré, Trekkingplätze seule alternative légale). MAJ 2026-09-07 : alpenverein.de inaccessible (blocage reseau systemique). Recoupement reconfirme sans changement l'interdiction via BayNatSchG, le Notbiwak tolere et les Trekkingplatze comme seule alternative legale (Spessart, Frankenwald, Steigerwald, complete par Oberpfalzer Wald) ; amende jusqu'a 2500 EUR en reserve naturelle relevee en complement (non contradictoire). MAJ 2026-09-21 : page DAV toujours inaccessible en direct (blocage reseau), recoupement WebSearch reconfirme sans changement la position (Notbiwak tolere, Trekkingplatze seule alternative legale)."
DE;DE;Nationalpark Berchtesgaden;NP;interdit;Zelten ET Biwakieren interdits dans tout le parc, contrôles rangers toute l'année y compris tôt le matin et tard le soir, amendes de plusieurs centaines d'euros par personne;interdit (Lagerfeuer explicitement interdit);voies alpines bavaroises;https://www.nationalpark-berchtesgaden.bayern.de/erlebnis/regeln_hinweise/verhaltensregeln/index.htm;2026-07-18;2026-09-21;FAIT;Seul parc national alpin d'Allemagne, aucune exception hors détresse réelle. MAJ 2026-08-24 : source directe inaccessible ce run, page officielle retrouvée en recherche confirme l'interdiction totale et les amendes de plusieurs centaines d'euros, aucun changement. MAJ 2026-09-07 : Page officielle du parc inaccessible (blocage reseau systemique). Recoupement presse locale (Berchtesgadener Anzeiger, Bayernwelle) confirme sans changement l'interdiction totale Zelten/Biwakieren, les controles toute l'annee et l'amende de plusieurs centaines d'euros par personne (montant exact toujours non precise). MAJ 2026-09-21 : recoupement (bayernwelle.de) reconfirme l'interdiction totale et des controles actifs (environ 60 constats/an). Montant exact de l'amende toujours non localise, page officielle inaccessible en direct ce run.
DE;DE;Forêt-Noire - Trekking-Camps du Westweg;regle-generale;autorise;Seule solution LÉGALE de nuit sous tente en forêt : réseau d'env. 24 Trekking-Camps (dont plusieurs sur ou près du Westweg et dans le Nationalpark Schwarzwald), réservation en ligne obligatoire sur trekking-schwarzwald.de, 15 EUR par tente et nuit, max 3 tentes par camp, 1 nuit max, saison 1er mai au 31 octobre, arrivée après 17h départ avant 10h, eau à porter, déchets à remporter;autorisé UNIQUEMENT sur la Feuerstelle aménagée de chaque camp, sauf interdiction sécheresse;WESTWEG;https://www.trekking-schwarzwald.de/;2026-07-18;2026-09-14;FAIT;"Modèle unique en Allemagne pour un itinéraire type Westweg, réservations 2026 ouvertes depuis le 16 mars, camps hors emplacement restent interdits. MAJ 2026-08-31 : source directe inaccessible ce run (proxy), tarif (15 EUR/tente/nuit), max 3 tentes/camp, 1 nuit, saison 1/05-31/10 et règle feu reconfirmés par recoupement (nrwz.de, hochschwarzwald.de, naturparkschwarzwald.de). Point non tranché : les horaires « arrivée après 17h, départ avant 10h » de la fiche divergent de plusieurs sources 2026 citant 18h/9h (à confirmer par lecture directe de la Benutzerordnung avant correction (une erreur d'horaire peut coûter une amende ou une réservation ratée). Réseau passé de 21 camps (2025) à environ 25 en cours de saison 2026. Statut d'une éventuelle interdiction de feu sécheresse fin août 2026 non confirmé par source officielle. MAJ 2026-09-14 : point horaire toujours pas tranche par lecture directe (proxy bloque). Plusieurs recoupements evoquent 18h/9h comme horaire actuel de la Benutzerordnung officielle, contre 17h/10h en fiche ; une source qualifie explicitement le 17h/10h de version anterieure du reglement. Horaire volontairement laisse inchange en l'absence de lecture directe de trekking-schwarzwald.de/trekking/benutzerordnung/, a faire en priorite au prochain passage. Reseau confirme elargi a environ 25 camps."
FR;FR-04-05;PNR du Queyras;PNR;tolere;Bivouac sous tente tolere a plus d'1h de marche des villages, 1 nuit max par secteur, monte le soir (apres 18h) demonte avant 9h, regle portee par arretes municipaux relayes par le parc, RNN Ristolas-Mont-Viso: bivouac a 20m max des sentiers balises, vallee du Bouchouse (APPB): bivouac interdit;Feu deconseille, AP frequents printemps-ete, interdiction totale rechauds inclus commune de Cervieres et vallee du Bouchouse;GR®58, GR®5;https://www.pnr-queyras.fr/bivouac/;2024;2026-09-21;FAIT;Page RNN dediee: pnr-queyras.fr/bivouac-rnn/ et pnr-queyras.fr/arretes-municipaux/ MAJ 2026-08-24 : source directe inaccessible ce run, recoupement confirme les règles (1h des villages, 20m des sentiers en RNN Ristolas-Mont-Viso) et des précisions complémentaires (500m du refuge du Viso, +1h de L'Echalp), aucune levée de l'arrêté saisonnier constatée. MAJ 2026-09-07 : pnr-queyras.fr inaccessible (blocage reseau systemique). Recoupement incluant un communique de presse officiel du Parc du 13/06/2023 confirme sans changement les regles PNR (>1h des villages, 1 nuit/secteur, 18h-9h) et RNN Ristolas-Mont-Viso (20m des sentiers balises, 500m du refuge du Viso, +1h de L'Echalp, 20m des rives des lacs), aucune levee de l'arrete saisonnier constatee debut septembre. MAJ 2026-09-21 : pnr-queyras.fr toujours inaccessible (blocage reseau). Aucune levee de l'arrete feu Cervieres/vallee du Bouchouse retrouvee par recoupement, regle consideree toujours en vigueur par defaut, a reconfirmer directement aupres du PNR.
FR;FR-ALPES-N;PNR du Vercors (RN Hauts-Plateaux);PNR;autorise;Dans la RNN des Hauts-Plateaux (reglement de la reserve, pas du PNR): bivouac autorise 17h-9h, de preference pres des cabanes-abris, chiens interdits, hors RN: droit commun communal;Feux exterieurs interdits toute l'annee par arrete prefectoral, rechaud autorise, feu seulement dans les poeles des cabanes;GR®91, GR®93;https://www.parc-du-vercors.fr/sites/default/files/actualites/Accueil%20Biodiversit%C3%A9/2020_LivretAccueil_RNNHPV.pdf;2020;2026-09-14;FAIT;Livret officiel RNN edite par le parc. MAJ 2026-08-31 : source directe inaccessible ce run (proxy), recoupement (rando.parc-du-vercors.fr, FFRandonnée, OT Trièves-Vercors) reconfirme la règle bivouac inchangée (17h-9h, chiens interdits, feux interdits toute l'année). Sans lien avec le bivouac : un APPB (protection de biotope, rapaces) est entré en vigueur début janvier 2026 et restreint l'accès à une zone de sentier de crête, impact sur le tracé GR®91/GR®93 non vérifié. MAJ 2026-09-14 : recoupement confirme la regle bivouac inchangee (17h-9h, feux interdits toute l'annee, chiens interdits meme en laisse). L'impact de l'APPB rapaces (entre en vigueur debut 2026) sur le trace GR®91/GR®93 reste non confirme par une source officielle precise.
FR;FR-ALPES-N;PNR de Chartreuse (RN Hauts de Chartreuse);PNR;variable;RNN Hauts de Chartreuse: bivouac sous tente interdit du 1/07 au 31/08 par arrete prefectoral (belle etoile autorisee), tente autorisee hors periode, 1 nuit coucher-lever du soleil, hors RN: droit commun communal;Feu interdit dans la RN, code forestier ailleurs (interdit a moins de 200m des bois);GR®9, GR®96;https://www.parc-chartreuse.net/reserve-naturelle-des-hauts-de-chartreuse/reglementation-mode-demploi/;nd;2026-09-14;FAIT;AP estival reconduit annuellement, arretes municipaux miroirs (Entremont-le-Vieux etc.). Interdiction du bivouac sous tente (1/07-31/08) confirmee active. L'arrete prefectoral couvre desormais les communes de Saint-Pierre-de-Chartreuse, Saint-Pierre-d'Entremont (Isere et Savoie), Entremont-le-Vieux, Chapareillan, plateau des Petites Roches, Porte de Savoie et Sainte-Marie-du-Mont. MAJ 2026-08-31 : source directe inaccessible ce run (proxy), recoupement (FFRandonnée Isère, Mon Séjour en Montagne) confirme la reconduction 2026 de l'interdiction 1/07-31/08 (belle étoile tolérée, tente interdite), aucun changement. MAJ 2026-09-14 : recoupement confirme la reconduction 2026 de l'arrete prefectoral (bivouac sous tente interdit 1/07-31/08 sur la reserve et les communes citees, belle etoile toleree), aucun changement. Les Hauts de Chartreuse sont redevenus accessibles aux randonneurs apres la fin de la periode d'interdiction fin aout.
FR;FR-ALPES-N;PNR du Massif des Bauges;PNR;variable;Bivouac non reglemente par le parc (renvoi aux arretes municipaux), tolerance locale 19h-9h, 1 nuit, interdit dans tout le massif du 1/07 au 15/09 (arrete interdepartemental risque incendie);Feu formellement interdit dans le massif;GR®96, Tour des Bauges;https://parcdesbauges.com/les-aires-protegees/;nd;2026-09-14;FAIT;FAQ officielle du parc, RNCFS des Bauges avec regles propres. MAJ 2026-08-31 : source directe inaccessible ce run (proxy), recoupement (FAQ officielle du parc, FFRandonnée) confirme l'interdiction 1/07-15/09 et l'interdiction totale du feu, aucun changement. Texte réglementaire précis 2026 (arrêté interdépartemental Savoie/Haute-Savoie) non localisé nommément. MAJ 2026-09-14 : recoupement confirme la tolerance locale 19h-9h et l'interdiction totale du feu, aucun changement identifie. Precisions locales complementaires reperees (bivouac autorise seulement aux Deserts et sur les alpages du Semnoz, interdit a La Thuile et dans la RNCFS des Bauges) non integrees au champ conditions faute de source officielle unique, a confirmer avant integration. Texte reglementaire precis de l'arrete interdepartemental feu 2026 toujours non localise nommement.
FR;FR-CORSE;PNR de Corse;PNR;interdit;Bivouac uniquement sur les aires aménagées aux abords des refuges PNRC, 19h-9h, réservation obligatoire sur pnr-resa.corsica, tarif 2026 aligné sur celui vérifié pour le GR®20 (12 EUR/pers/nuit sur son propre matériel, et non 9 EUR), location tente 2 places avec bivouac inclus 27 EUR pour 1 personne ou 39 EUR pour 2 personnes, gardiennage du 16 mai au 4 octobre 2026, contrôle à chaque étape;Feux strictement interdits toute l'annee sur tout le parc;GR®20, Mare a Mare, Mare e Monti;https://pnr-resa.corsica/CGV.pdf;2026;2026-09-20;FAIT;Tarif aligné sur la fiche sœur GR®20 (même document pnr-resa.corsica/CGV.pdf), lu directement le 16/08/2026 : bivouac 12 EUR/pers/nuit (et non 9 EUR), location tente 27 EUR (1 pers.) ou 39 EUR (2 pers.). La note du 19/07/2026 indiquant 9 EUR était erronée. Recherche complémentaire du 17/08/2026 (accès réseau direct à pnr-resa.corsica indisponible dans cet environnement) : plusieurs sites spécialisés GR®20 rapportent la même hausse tarifaire 2025→2026, cohérente avec la lecture directe de la ligne GR®20. MAJ 2026-08-31 : source directe inaccessible ce run (proxy), tarifs reconfirmés par cohérence avec la fiche sœur GR®20. Point de vigilance non tranché : la mention « feu strictement interdit toute l'année » pourrait mélanger l'interdiction permanente du feu de bivouac sur les aires PNRC (règle propre au parc) et l'interdiction saisonnière (15/06-30/09) de l'emploi du feu et de fumer en forêt/maquis fixée par arrêté préfectoral, mentionnée séparément sur la fiche GR®20 sœur, à clarifier par lecture directe du CGV.pdf avant de reformuler.
FR;FR-EST;PNR des Ballons des Vosges;PNR;variable;Bivouac tolere hors espaces proteges (1 nuit, 19h-9h, regle communale/ONF), interdit RNN Ballons Comtois et autres RN internes, programme Quietude Attitude du parc cartographie les zones;Feu interdit code forestier L322-1/L131-1 (moins de 200m des bois) soit quasi tout le massif;GR®5, GR®53;https://quietudeattitude.fr/ballons-vosges/faq/ou-puis-je-camper-ou-bivouaquer-sur-le-territoire-du-parc/;nd;2026-09-14;HYPOTHESE;"Interdiction RN Ballons Comtois sourcee officiellement (ballonsdesvosges-reservesnaturelles.fr), horaires via sources secondaires. MAJ 2026-08-10 : l'interdiction departementale de tout feu (camp, festif, artifice) dans les Vosges (88) est prolongee jusqu'au 01/09/2026 8h (arrete signe le 30/07/2026), secheresse en alerte renforcee depuis le 03/07/2026 (restrictions d'eau jusqu'au 30/09/2026). Toujours non lu directement sur vosges.gouv.fr (acces bloque ce run), relais remiremontvallees.com. MAJ 2026-08-24 : WebFetch bloqué (proxy) sur quietudeattitude.fr : une recherche indexée attribue à une page FAQ du même site officiel du programme (piste : quietudeattitude.fr/ballons-vosges/faq/ou-puis-je-camper-ou-bivouaquer-sur-le-territoire-du-parc/) un horaire différent de celui en fiche (1h avant coucher du soleil à 1h après lever du soleil, au lieu de 19h-9h), non confirmé par lecture directe, à vérifier en priorité au prochain passage avant toute modification de l'horaire publié. MAJ 2026-09-03 : l'interdiction departementale specifique feux d'artifice/festifs/chavandes a expire a son terme (01/09 8h) sans reconduction retrouvee ; la regle de fond (feu interdit en foret et a moins de 200m, code forestier, jusqu'au 30/09/2026) reste inchangee et continue de couvrir l'essentiel du massif. Piste de l'horaire quietudeattitude.fr toujours non tranchee, non retentee ce run (hors perimetre T2 du jour). MAJ 2026-09-07 : quietudeattitude.fr, ariege.gouv.fr et vosges.gouv.fr inaccessibles (blocage reseau systemique). Contradiction non tranchee sur l'horaire (19h-9h en fiche vs '1h avant coucher-1h apres lever' cite pour une page FAQ du meme site officiel) : horaires laisses inchanges par prudence faute d'acces direct. Aucune nouvelle interdiction feu departementale trouvee pour septembre. MAJ 2026-09-14 : la page FAQ officielle Quietude Attitude (« Ou puis-je camper ou bivouaquer sur le territoire du Parc ? ») est desormais identifiee avec precision, source_url mise a jour vers cette page exacte. Son contenu, reconfirme par deux requetes independantes, indiquerait un horaire de 1h avant le crepuscule a 1h apres l'aube (et non 19h-9h comme en fiche) : non confirme par lecture directe (WebFetch bloque ce run), horaire volontairement laisse inchange dans conditions en attendant cette confirmation. Aucune nouvelle interdiction feu departementale trouvee pour septembre."
FR;FR-EST;PNR des Vosges du Nord;PNR;tolere;Bivouac tolere sur la plupart du territoire (page officielle du parc): tente petite 1 nuit montee le soir retiree le matin, camping sauvage (+1 nuit) interdit partout, interdit RNN rochers et tourbieres du Pays de Bitche et RNCFS La Petite-Pierre;Feu interdit code forestier (moins de 200m des bois), et interdit toute l'annee du 15/03 au 30/09 en foret et dans les ruines de chateaux;GR®53, GR®532;https://www.parc-vosges-nord.fr/article/bivouac-infos;nd;2026-09-21;FAIT;MAJ 2026-08-24 : source directe inaccessible ce run, recoupement confirme la règle générale et l'interdiction feu (15/03-30/09, 200m des bois), aucun changement. MAJ 2026-09-07 : parc-vosges-nord.fr inaccessible (blocage reseau systemique). Recoupement confirme la regle generale et l'interdiction feu (15/03-30/09, 200m des bois) sans changement. Des seuils chiffres plus precis (150m habitation, 200m point d'eau potable, 500m monument classe) apparaissent dans une synthese de recherche mais restent une piste non confirmee par lecture directe de page, a verifier avant integration. MAJ 2026-09-21 : page officielle parc-vosges-nord.fr (bivouac-infos) confirme les seuils 150m d'une habitation, 200m d'un point d'eau potable et 500m d'un monument historique classe ou inscrit, ainsi que la periode de restriction du feu 15/03-30/09 en foret et dans les ruines de chateaux. Champs conditions et feu completes en consequence.
FR;FR-EST;PNR du Haut-Jura;PNR;tolere;Bivouac tolere pres des sentiers balises, villages ou refuges (page officielle), interdit dans les APPB forets d'altitude du Haut-Jura du 15/12 au 30/06, RNN Haute Chaine du Jura: reglementation propre;Pas de feu (AP + code forestier, interdit en foret ou a moins de 200m), rechaud tolere sur zone stable;GR®9, GR®5, GTJ;https://www.parc-haut-jura.fr/tourisme/le-bivouac/;nd;2026-09-21;FAIT;GTJ: bivouac autorise le long des itineraires hors APPB (gtj.asso.fr). MAJ 2026-08-24 : source directe inaccessible ce run, dates exactes de l'APPB (15/12-30/06) reconfirmées, hors période au 24/08, aucun changement. MAJ 2026-09-07 : parc-haut-jura.fr inaccessible (blocage reseau systemique). Dates exactes de l'APPB (15/12-30/06) reconfirmees, hors periode au 07/09. Le detail RNN Haute Chaine du Jura retrouve par recherche (tente interdite, sans abri, 19h-9h, moins de 20m du sentier, hors paturages) est deja capture integralement dans la fiche dediee de cette RNN, coherence confirmee, aucun changement necessaire ici. MAJ 2026-09-21 : jura.gouv.fr et groupe-tetras-jura.org reconfirment l'APPB forets d'altitude (15/12-30/06, 5 massifs, 12 communes, 4334 ha), periode hors vigueur au 21/09, aucun changement.
FR;FR-PYR-O;PNR des Pyrenees Ariegeoises;PNR;variable;Droit commun, reglementation communale/ONF locale, le PNR n'a pas de pouvoir reglementaire, tolerance locale relayee 18h-8h autour des refuges (ex. Etang Pinet), camping interdit;Feu strictement interdit (arretes, code forestier), arrete prefectoral departemental d'interdiction totale de l'usage du feu en Ariege reconduit une 4e fois jusqu'au 24/08/2026 inclus (chaleur persistante, mobilisation des pompiers en juillet), aucune 5e reconduction ni levee retrouvee 4 jours apres cette echeance (verifie au 28/08/2026), arrete du 24/08 traite comme dernier etat connu par defaut;GR®10, GR®107;https://pyreneesfm.com/ariege-feux-d-artifice-barbecues-les-interdictions-prolongees-face-au-risque-d-i;2026-08-18;2026-09-14;HYPOTHESE;"Le parc ne publie aucune page réglementaire consacrée au bivouac (regle de bivouac elle-meme toujours HYPOTHESE, d'apres offices de tourisme et refuges FFCAM). L'interdiction d'usage du feu, elle, est confirmee par source de presse datee citant la prefecture de l'Ariege : feux d'artifice, feux de camp, barbecues a moins de 50 m de vegetation et certains travaux a risque interdits sur tout le departement jusqu'au 17/08/2026, puis jusqu'au 24/08/2026 (4e reconduction, Pyrenees FM 18/08). MAJ 28/08 : ariege.gouv.fr et pyreneesfm.com revuerifies, toujours aucune 5e reconduction ni levee publiee. MAJ 2026-09-03 : reverifie (pyreneesfm.com, ariege.gouv.fr), toujours aucune 5e reconduction ni levee trouvee, l'arrete du 24/08 reste le dernier etat connu par defaut, 10 jours de silence. MAJ 2026-09-07 : ariege.gouv.fr et pyreneesfm.com revus (blocage reseau systemique empechant la lecture directe). Recherche ciblee (page officielle 'Renforcement de la secheresse estivale') ne fait remonter aucune 5e reconduction ni levee de l'arrete feu au-dela du 24/08/2026 : 14 jours de silence confirmes au 07/09/2026, arrete du 24/08 maintenu par defaut comme dernier etat connu. MAJ 2026-09-08 : reverifie (ariege.gouv.fr/Publications/Actualites, page reglementation permanente de l'emploi du feu, pyreneesfm.com), toujours aucune 5e reconduction ni levee retrouvee, 15 jours de silence. A noter : l'arrete distinct d'interdiction d'acces au GR®10 pour chutes de pierres (Bordes-Uchentein) est lui a jour au 31/08/2026, preuve que la prefecture publie activement sur ce dossier feu sans que cela ait fait remonter de nouvel acte sur l'usage du feu lui-meme. MAJ 2026-09-14 : reverifie (ariege.gouv.fr/Publications/Actualites, recueil des actes administratifs, pyreneesfm.com), toujours aucune 5e reconduction ni levee retrouvee, 21 jours de silence depuis l'echeance du 24/08 ; arrete du 24/08 toujours maintenu par defaut comme dernier etat connu. MAJ 2026-09-14 : reverifie (ariege.gouv.fr/Publications/Actualites, recueil des actes administratifs, pyreneesfm.com) : toujours aucune 5e reconduction ni levee de l'arrete temporaire d'interdiction du feu retrouvee au-dela du 24/08/2026, 21 jours de silence confirmes depuis l'echeance. Arrete du 24/08 maintenu par defaut comme dernier etat connu. La regle de bivouac elle-meme (hors feu) reste non sourcee par une page officielle du parc, statut inchange."
FR;FR-PYR-O;PNR des Pyrenees Catalanes;PNR;variable;"Droit commun dans le PNR (pas de regle propre), mais 7 reserves naturelles internes (federation des RN catalanes) : camping interdit ; bivouac tolere du coucher au lever du soleil le long des sentiers balises et autour des refuges, sauf Nohedes (creneau fixe cite a 20h-8h) et Py (limite aux abords des refuges / le long du GR®10) ; chiens interdits uniquement a Py, Mantet, vallee d'Eyne et Prats-de-Mollo, admis en laisse a Nyer, Conat, Nohedes et Jujols";Feux de camp strictement interdits dans les RN, code forestier ailleurs;GR®10, GR®36, HRP;https://www.reserves-naturelles-catalanes.org/decouvrir/la-reglementation/;nd;2026-09-14;HYPOTHESE;Aucun texte unique ne couvre le PNR ni ses 7 réserves naturelles : chacune a son propre décret ou arrêté sur Légifrance, par exemple la RN de Py (arrêté n°2014202-0006 du 21/07/14). Règle recoupée pour Py, Nohèdes et Mantet. MAJ 2026-08-24 : WebFetch bloqué (proxy) sur reserves-naturelles-catalanes.org. Une recherche indexée sur ce même site officiel de la fédération suggère un détail par réserve (Conat et Nohèdes : bivouac 20h-8h / Py : autour des refuges ou le long du GR®10 / Vallée d'Eyne et Prats-de-Mollo : coucher au lever du soleil / chiens interdits à Py, Mantet, Eyne et Prats-de-Mollo), non confirmé par lecture directe, à vérifier en priorité au prochain passage avant d'intégrer ce détail à la règle publiée. MAJ 2026-09-07 : reserves-naturelles-catalanes.org toujours inaccessible (blocage reseau systemique). Deux recherches independantes (ce run et le run du 24/08) convergent sur le detail par reserve, integre en conditions : horaire specifique a Nohedes, perimetre limite pour Py, chiens interdits seulement a Py/Mantet/Eyne/Prats-de-Mollo (admis en laisse ailleurs). Statut maintenu HYPOTHESE faute de lecture directe de la source primaire. MAJ 2026-09-14 : deux nouvelles recherches independantes extraient des extraits attribues au domaine officiel reserves-naturelles-catalanes.org reproduisant des details precis et coherents avec la fiche (Nohedes 20h-8h, Py camping interdit avec amende de 68 EUR, chiens interdits a Mantet meme en laisse). Convergence stable sur 3 runs independants (24/08, 07/09, 14/09). Reste toutefois issue d'extraits indexes par un moteur de recherche, pas d'une lecture humaine du HTML complet (WebFetch indisponible ce run) : statut maintenu HYPOTHESE.
FR;FR-MC;PNR de l'Aubrac;PNR;variable;Note officielle du parc: pas de reglementation particuliere du PNR, droit commun (interdit bois classes, sites classes, routes), accord du proprietaire en terrain prive, bonnes pratiques 19h/20h-8h/9h, tente petite, 1 nuit, verifier arretes municipaux en mairie;Code forestier L131-1 (interdit a moins de 200m des bois sauf proprietaire), verifier AP secheresse estivaux, feu possible en terrain prive avec accord;GR®65, GR®60, Tour de l'Aubrac;https://www.monsitecommunal.fr/uploads/sites/81/2021/10/Note_Bivouac_Feux.pdf;2021-10;2026-09-20;FAIT;Note bivouac-feux redigee par le PNR Aubrac, diffusee par les mairies. MAJ 2026-08-31 : source directe inaccessible ce run (proxy), recoupement confirme la teneur de la note 2021 toujours cohérente, aucun changement.
FR;FR-34-11;PNR du Haut-Languedoc;PNR;variable;Le parc rappelle explicitement qu'un PNR n'a pas le pouvoir de reglementer le bivouac: droit commun + espaces proteges internes (RNCFS, APPB) pouvant l'interdire, 1 nuit coucher-lever du soleil;Feu interdit a moins de 200m des bois (code forestier), rechaud permis a +200m sauf arrete prefectoral;GR®7, GR®71, GR®653;https://www.parc-haut-languedoc.fr/actualites/legislation-bivouac-feu;nd;2026-09-20;FAIT;"Le parc a une page pedagogique dediee bivouac+feu. MAJ 2026-09-02 : règle de fond reconfirmée par recoupement. Correction de la note du 31/08 : aucun secteur de l'Hérault n'est classé en rouge à ce jour, la carte de la préfète (@Prefet34) du 01/09/2026 place 6 secteurs sur 9 en orange (accès déconseillé, travaux réglementés), en baisse depuis le pic du 06/08 (voir registre risque-feu|Herault-34). MAJ 2026-09-14 : toujours aucun secteur rouge depuis le 22/08/2026 ; la carte du 10/09/2026 place 6 secteurs sur 9 en orange, dont le Minervois (traversé par le GR®7/GR®653). MAJ 2026-09-20 : le Minervois et Saint-Chinianais a de nouveau été classé en rouge (accès interdit) le mercredi 16/09/2026, avec cinq autres secteurs, avant de retomber à un seul secteur rouge (hors Minervois) dès le lendemain 17/09 (voir registre risque-feu|Herault-34, chronologie complète). Consulter la carte de vigilance quotidienne herault.gouv.fr ou risque-prevention-incendie.fr/herault avant tout bivouac dans ce secteur, la situation pouvant basculer d'un jour à l'autre en fin de saison feux (jusqu'au 30/09)."
FR;FR-MC;PNR des Grands Causses;PNR;variable;Droit commun, portail rando officiel du parc: bivouac discret 19h-9h, interdit sites classes ou en instance (cirque de Navacelles, gorges de la Vis) et camp militaire du Larzac, arretes municipaux/prefectoraux possibles;Feu interdit en sites classes, code forestier ailleurs;GR®62, GR®71, GR®736;https://rando.parc-grands-causses.fr/information/3-Bonnes-pratiques;nd;2026-09-20;FAIT;MAJ 2026-08-31 : source directe inaccessible ce run (proxy), page toujours en ligne selon recoupement, contenu inchangé.
FR;FR-84-26-07;PNR des Monts d'Ardeche;PNR;tolere;Bivouac tolere (site destination du parc): 1 nuit coucher du soleil-matin, hors vue des habitations, a +500m d'un monument classe, interdit sites classes Mezenc-Gerbier de Jonc, cascade du Ray-Pic, Pont du Diable (Thueyts), camping sauvage interdit par arrete municipal dans la plupart des communes;Feu au sol interdit, rechaud hors periode de secheresse et zones ventees, AP estivaux frequents;GR®7, GR®420;https://www.destination-parc-monts-ardeche.fr/a-savoir/le-bivouac/;nd;2026-09-21;FAIT;MAJ 2026-08-24 : source directe inaccessible ce run, règles générales reconfirmées. Arrêté préfectoral n°07-2026-05-20-00001 (entré en vigueur 15/06/2026, jusqu'au 30/09/2026) identifié comme AP estival actif à la date du jour, cohérent avec la fiche. MAJ 2026-09-07 : Acces direct bloque (contrainte reseau de la session), verification par recherche ciblee. Contenu de la page bivouac du parc et arrete n.07-2026-05-20-00001 reconfirmes via ardeche.gouv.fr, aucun changement de fond. La page du parc mentionnerait aussi une distance >=200m aux points d'eau captes, absente de la fiche, a evaluer pour ajout apres lecture directe. MAJ 2026-09-21 : AP n°07-2026-05-20-00001 confirme actif jusqu'au 30/09/2026 (interdiction feu a 200m des bois). La regle des 200m aux points d'eau captes n'est toujours pas confirmee par une source officielle du parc, non ajoutee.
FR;FR-84-26-07;PNR du Luberon;PNR;variable;Bivouac tolere hors ete avec accord du proprietaire (coucher du soleil-petit matin), interdit du 15/06 au 15/09 dans tous les massifs forestiers du Vaucluse (arrete prefectoral acces massifs, pas une regle du parc), camping sauvage interdit toute l'annee;Feu et cigarette interdits toute l'annee a moins de 200m des massifs forestiers;GR®9, GR®92, GR®97;https://www.parcduluberon.fr/en/a-voir-a-faire/geste-juste/ete-prudent-foret/;nd;2026-09-21;FAIT;Carte acces massifs jour par jour sur destinationluberon.com. Periode d'interdiction 15/06-15/09 basee sur l'arrete prefectoral du 29/03/2023. Vaucluse en vigilance secheresse depuis juillet 2026 (bassins Rhone, Meyne, Sud-Ouest Mont Ventoux, Sorgues, Nesque, Calavon, Sud Luberon, Durance) : verifier la carte du jour avant depart. MAJ 2026-08-31 : source directe inaccessible ce run (proxy), recoupement (vaucluse.gouv.fr, presse locale) confirme l'arrêté du 29/03/2023 toujours en vigueur, avec fermetures totales de massifs encore constatées le 18/08/2026, aucun changement. MAJ 2026-09-21 : source directe parcduluberon.fr toujours inaccessible (proxy), aucun element trouve contredisant l'arrete du 29/03/2023 ni la periode 15/06-30/09, statut inchange.
FR;FR-83;PNR du Verdon;PNR;variable;Camping interdit, bivouac tolere 19h-9h a +1h de marche d'un acces routier, interdit dans les gorges et sur le sentier Blanc-Martel (arrete prefectoral, coeur de reserve) et sur les rives des lacs (arretes municipaux/prefectoraux);Tout feu (cigarette comprise) et barbecue interdits en espace naturel, amende 135 euros;GR®4, GR®99;https://www.parcduverdon.fr/explorer/conseils-des-ecogardes/rappel-de-la-reglementation-par-type-de-milieu/;nd;2026-09-21;FAIT;Page ecogardes officielle par type de milieu. Massifs voisins du Var (Sainte-Baume, Haut-Var, Maures, Centre-Var) places en risque tres severe a extreme debut aout 2026 avec fermetures ponctuelles par arrete prefectoral distinct de la reglementation propre au parc. MAJ 2026-08-31 : source directe inaccessible ce run (proxy), recoupement confirme la règle inchangée. Arrêté préfectoral des Alpes-de-Haute-Provence n°2026-093-009 (25/06-20/09/2026) identifié comme base réglementaire 2026 de l'interdiction de camping/caravaning en zones forestières riveraines, toujours actif à la date du jour. MAJ 2026-09-21 : alpes-de-haute-provence.gouv.fr et verdontourisme.com confirment que la periode de restriction incendie renforcee (camping/feu a 200m des massifs) courait du 25/06 au 20/09/2026 et vient d'expirer la veille. La regle permanente du parc (bivouac 19h-9h a plus d'1h de marche, interdiction gorges/Blanc-Martel/rives) reste inchangee.
FR;FR-84-26-07;PNR des Baronnies provencales;PNR;tolere;Bivouac tolere 19h-9h, 1 nuit, tente montee au coucher du soleil, accord du proprietaire (parcelles communales ou privees), note officielle du parc, acces aux massifs forestiers reglemente du 1/07 au 15/09 par arrete prefectoral cote Drome (DDT-SEF-2026-0176 du 04/06/2026, 10 zones geographiques), en plus d'arretes municipaux locaux (ex. Montclar-sur-Gervanne, Nyons) pouvant fermer totalement certaines communes;Pas de feu en nature, interdit a moins de 200m des bois (code forestier), massifs fermes = feu et bivouac de fait impossibles;GR®9, GRP Tour des Baronnies;https://www.baronnies-provencales.fr/wp-content/uploads/sites/3/2025/03/20250219_Bivouac_feux_chiens_dans_le_PnrBp.pdf;2025-02-19;2026-09-21;FAIT;Note officielle bivouac-feux-chiens du PnrBp, recente, periode/numero d'arrete precises via drome.gouv.fr (arrete-cadre DDT-SEF-2026-0176, PDF non lisible en autonome), voir aussi ligne registre fermeture|FR-Baronnies-GR®9 pour le detail commune par commune. MAJ 2026-08-24 : source directe inaccessible ce run, arrêté DDT-SEF-2026-0176 reconfirmé actif, presse locale (cc-bdp.fr, août 2026) confirme des fermetures municipales de massifs toujours en vigueur (Poyols depuis le 04/08, Rocher de l'Aiglier, Montagne de Grimagne, Massif de la Lance). MAJ 2026-09-07 : Acces direct bloque (contrainte reseau de la session), verification par recherche ciblee. Arrete DDT-SEF-2026-0176 du 04/06/2026 reconfirme nommement sur drome.gouv.fr, contenu de la note bivouac-feux-chiens (200m des bois) retrouve, regle inchangee. MAJ 2026-09-21 : drome.gouv.fr confirme que l'arrete reglemente l'acces aux massifs (dont foret de Saou et plateau d'Ambel) du 1er juillet au 15 septembre en cas de risque incendie, periode desormais close. La regle de bivouac generale (19h-9h, 1 nuit) reste inchangee.
FR;FR-06;PNR des Prealpes d'Azur;PNR;tolere;Camping sauvage interdit dans le parc, bivouac tolere pour le randonneur itinerant: abri leger 1-2 personnes, +1h de marche des parkings, 1 nuit, accord du proprietaire, reglemente du 1/07 au 30/09 sous 1500m (risque incendie, AP Alpes-Maritimes);Tout emploi du feu interdit a moins de 200m des espaces boises toute l'annee (L131-1), AP estivaux;GR®51, GR®4, GR®510;https://www.parc-prealpesdazur.fr/wp-content/uploads/2020/12/Guide-du-bon-bivouac-1.pdf;2020-12;2026-09-21;FAIT;"Guide du bon bivouac edite par le parc. MAJ 2026-08-24 : source directe inaccessible ce run, période réglementée 1/07-30/09 sous 1500m reconfirmée (arrêtés Alpes-Maritimes du 16/07/2021 complété le 29/07/2024), active au 24/08, aucun changement. MAJ 2026-09-07 : Acces direct bloque (contrainte reseau de la session), verification par recherche ciblee. Regle du guide du bon bivouac (>1h de marche des parkings) reconfirmee ; alpes-maritimes.gouv.fr referencerait desormais un arrete n.2025-101 du 13/05/2025 sur l'emploi du feu, a verifier s'il remplace les arretes de 2021/2024 cites pour le seuil des 1500m. MAJ 2026-09-21 : alpes-maritimes.gouv.fr confirme que l'AP n.2025-101 (13/05/2025) concerne l'emploi du feu et remplace les AP n.2014-453/2025-001, distinct du seuil d'altitude 1500m ; cet arrete de zonage 1500m reste a identifier precisement, aucun changement applique."
FR;FR-BRE;PNR d'Armorique;PNR;variable;Page officielle du parc: bivouac et camping interdits sur les sites inscrits et classes qui couvrent une grande partie du parc (presqu'ile de Crozon, Menez-Hom, monts d'Arree, iles d'Iroise, littoral), ailleurs accord du proprietaire + verifier arrete municipal en mairie, GR®34: a +500m de la cote hors dunes et reserves, zone de tolerance identifiee entre le Cap de la Chevre et la Pointe de Pen-Hir (en retrait des falaises);Feu interdit (code forestier, landes et tourbieres tres inflammables);GR®34, GR®37, GR®380;https://www.pnr-armorique.fr/destination-parc/bivouaquer-dans-le-parc/;nd;2026-09-21;FAIT;MAJ 2026-09-21 : page officielle pnr-armorique.fr inaccessible en direct (blocage reseau), contenu indexe de cette meme page confirme la regle existante et precise une zone de tolerance supplementaire entre le Cap de la Chevre et la Pointe de Pen-Hir (en retrait des falaises), principe 1 nuit/discret/pas de feu/tout redescendre.
FR;FR-MC;PNR des Volcans d'Auvergne;PNR;tolere;Camping sauvage interdit, bivouac tolere 1 nuit en rando itinerante (tente montee apres 20h demontee avant 8h en ete), en lisiere de foret, hors pentes, crateres et sommets des volcans, interdit lac du Guery et RN Chastreix-Sancy et vallee de Chaudefour;Rechaud gaz tolere avec precautions (stabilite, distance materiaux inflammables), tout autre feu porte ou au sol interdit;GR®400, GR®441, GR®4, GR®30;https://www.decouvrir.parcdesvolcans.fr/avant-de-partir-en-balade;2026;2026-09-20;FAIT;Regles du parc relayees par l'OT du Sancy, page equivalente sur parcdesvolcans.fr a citer en source primaire. MAJ 2026-08-31 : source directe inaccessible ce run (proxy), recoupement confirme la règle inchangée.
FR;FR-PYR-O;RNN du Néouvielle;reserve;tolere;Camping interdit, bivouac autorisé uniquement sur les 2 aires dédiées des lacs d'Orédon et Aubert, petite tente 19h-9h, interdit partout ailleurs dans la réserve;interdit;GR®10 (proximité), HRP;https://www.pyrenees-parcnational.fr/fr/des-decouvertes/sejourner-dans-le-parc-national/ou-dormir-en-montagne/bivouac;nd;2026-09-21;FAIT;Décret 94-192. L'horaire est parfois cité à tort comme 18h30 : c'est bien 19h-9h. MAJ 2026-08-24 : source directe inaccessible ce run, recoupement confirme la règle inchangée (aires d'Orédon et Aubert, 19h-9h). MAJ 2026-09-07 : Acces direct bloque (contrainte reseau de la session), verification par recherche ciblee. Le decret 94-192 (source actuelle) ne detaille pas les aires de bivouac : la regle des aires d'Oredon/Aubert 19h-9h est en realite fixee par le reglement du Parc national des Pyrenees, source_url substituee vers la page dediee du parc, plus pertinente. MAJ 2026-09-21 : regles bivouac Oredon/Aubert 19h-9h reconfirmees a jour pour 2026 (recoupement WebSearch, lecture directe bloquee ce run), aucun changement au decret 94-192.
FR;FR-ALPES-N;RNN des Contamines-Montjoie;reserve;tolere;Bivouac interdit sous 2500 m du 15/06 au 15/09 sauf aires officielles (La Giettaz/Pont de la Rollaz, La Balme), 19h-9h, réservation obligatoire sur bivouac.nature-haute-savoie.fr;interdit;TMB;https://www.haute-savoie.gouv.fr/Actions-de-l-Etat/Vos-loisirs/Montagne-en-ete/RNN-Contamines-Montjoie-Aiguilles-Rouges-Carlaveyron-et-Vallon-de-Berard-reglementation;2026-06-04;2026-09-21;HYPOTHESE;"Gestion Asters-CEN74, AP saisonnier renouvelé. MAJ 2026-09-21 : recoupement WebSearch (WebFetch bloque ce run) identifie un PDF officiel nomme ARP_DDT-2026_0474_BivouacBaignade_RNNCM_Vdef_signe.pdf, ou RNNCM designe la reserve des Contamines-Montjoie dans son ensemble, avec les memes regles (moins de 2500m, 15/06-15/09, aires Giettaz/Pont de la Rollaz et La Balme). Statut retrograde a HYPOTHESE faute de lecture directe du PDF. A NOTER : la ligne « RNN des Contamines-Montjoie (lacs Jovet et Plan Jovet) » du registre semble decrire la MEME reserve et le MEME arrete plutot qu'un regime distinct. Les deux lignes sont conservees en l'etat (aucune suppression) mais a rapprocher/clarifier au prochain passage apres lecture directe."
FR;FR-ALPES-N;RNN Aiguilles Rouges, Carlaveyron et Vallon de Bérard;reserve;tolere;Bivouac interdit du 01/06 au 30/09 sauf 4 zones de tolérance, 19h-9h uniquement, ni feu ni enceintes, chiens en laisse, reservation obligatoire sur reserve-bivouac74.fr;interdit;TMB (variantes), GR®5;https://www.haute-savoie.gouv.fr/Actions-de-l-Etat/Vos-loisirs/Montagne-en-ete/RNN-Contamines-Montjoie-Aiguilles-Rouges-Carlaveyron-et-Vallon-de-Berard-reglementation;2026-06-04;2026-09-21;HYPOTHESE;Page préfectorale couvrant les 3 réserves. MAJ 2026-09-21 : recoupement WebSearch (WebFetch bloque ce run) fait remonter un arrete DDT-2026-0472 du 04/06/2026 couvrant nommement ces 3 reserves (memes regles, 01/06-30/09, 4 zones de tolerance, 19h-9h) et une obligation de reservation sur reserve-bivouac74.fr absente jusqu'ici de la fiche. Statut retrograde a HYPOTHESE faute de lecture directe du PDF/de la page, a confirmer au prochain passage.
FR;FR-ALPES-N;RNN de Sixt-Passy;reserve;tolere;Bivouac tolere 19h-9h avec reservation obligatoire sur reserve-bivouac74.fr (plateforme geree par Asters-CEN Haute-Savoie, gratuite, sans services : pas de point d'eau, pas de poubelles, pas de gardien, deployee en mai 2024), zones cartographiees avec capacites d'accueil limitees, interdiction saisonniere de bivouac au Lac Jovet et Plan Jovet du 1er juillet au 31 aout. Base reglementaire de la reserve : decret n 2019-1218 du 21 novembre 2019 (Legifrance) redefinissant perimetre et reglementation de la RNN Sixt-Fer-a-Cheval/Passy.;interdit dans le cœur de réserve, amende pouvant atteindre 1500 euros;GR®5, Tour des Fiz;https://reserve-bivouac74.fr;2024-05;2026-09-14;FAIT;Plateforme officielle Asters confirmee, decret cadre 2019-1218 identifie. A la prochaine verification, obtenir la liste exhaustive des zones nommees au-dela de Giettaz/Rollaz/Balme et le texte exact de l'arrete encadrant la reservation. MAJ 2026-09-14 : regime propre a Sixt-Fer-a-Cheval/Passy (tolerance 19h-9h, reservation obligatoire) reconfirme inchange. ATTENTION : les mentions « Lac Jovet » et « Plan Jovet » de cette fiche semblent en realite relever d'une reserve distincte, la RNN des Contamines-Montjoie, regie par un arrete prefectoral propre (DDT-2026-0474 du 04/06/2026) fixant des dates differentes de celles historiquement citees ici. Source trouvee via WebSearch (haute-savoie.gouv.fr, PDF de l'arrete signe), non confirmee par lecture directe ce run : voir la nouvelle ligne dediee ajoutee ce jour (statut HYPOTHESE) plutot que de corriger cette fiche-ci sans verification humaine.
FR;FR-EST;RNN de la Haute Chaîne du Jura;reserve;tolere;Camping interdit, bivouac autorisé uniquement SANS abri (ni tente ni bâche), à moins de 20 m du sentier, hors pâturages, 19h-9h (AP du 16/10/2017);interdit;GTJ, GR®9;https://www.rnn-hautechainedujura.fr/composants/uploads/2017/10/AP-bivouac-signe.pdf;2017-10-16;2026-09-21;FAIT;"Cas rare : bivouac sans tente seulement, point déterminant sur la GTJ MAJ 2026-08-23 : source_url remplacee par l'arrete prefectoral signe du 16/10/2017 (PDF), plus precis que la page generale ; regle reconfirmee mot pour mot par recoupement. MAJ 2026-09-21 : arrete du 16/10/2017 toujours en vigueur et cite comme reference actuelle par les sources 2025-2026 (recoupement WebSearch, lecture directe bloquee ce run), regle sans tente inchangee."
FR;FR-EST;RNN des Ballons Comtois;reserve;interdit;Camping et bivouac interdits sous toutes leurs formes, seule exception l'abri de la Grande Goutte (ou autorisation préfectorale scientifique);interdit;GR®533, GR®5 (Vosges sud);https://www.legifrance.gouv.fr/jorf/id/JORFTEXT000000597214;2002-07-04;2026-09-21;FAIT;Décret 2002-962. MAJ 2026-09-21 : decret 2002-962 confirme en vigueur (version consolidee au 06/11/2024, recoupement Legifrance/AIDA via WebSearch, lecture directe bloquee ce run), regle de l'abri de la Grande Goutte inchangee.
